temp_C,source,well,n_points,mu_max,t_at_mu_max_hr
27,PROCESSED,A1,138,0.40752455213879757,7.506388889
27,PROCESSED,A3,138,0.45202019188949427,7.506388889
27,PROCESSED,A4,138,0.4354206729592828,7.506388889
27,PROCESSED,A5,138,0.45090591570162586,7.506388889
27,PROCESSED,A6,138,0.4460967711946995,7.506388889
27,PROCESSED,B1,138,0.45256985187573573,7.506388889
27,PROCESSED,B2,138,0.4642014107147783,7.506388889
27,PROCESSED,C1,138,0.4353123142716565,7.331666667
27,PROCESSED,C2,138,0.4502010470898704,7.506388889
27,PROCESSED,D1,138,0.45885019157774765,7.506388889
27,PROCESSED,D2,138,0.46188646265119615,7.506388889
27,PROCESSED,E1,138,0.4514617266353168,7.506388889
27,PROCESSED,E2,138,0.44177444813915934,7.506388889
27,PROCESSED,E3,138,0.44048276866483327,7.506388889
27,PROCESSED,E4,138,0.4678529341873372,7.681111111
27,PROCESSED,E5,138,0.45613560291789956,7.506388889
27,PROCESSED,E6,138,0.4365919655933168,7.506388889
27,PROCESSED,E7,138,0.45505622484136965,7.506388889
27,PROCESSED,E8,138,0.45493409761284864,7.681111111
27,PROCESSED,F1,138,0.4374118321514162,7.506388889
27,PROCESSED,F2,138,0.42458914273583126,7.681111111
27,PROCESSED,F3,138,0.4328535088595028,7.681111111
27,PROCESSED,F4,138,0.4628344389575313,7.681111111
27,PROCESSED,F5,138,0.44559165060455097,7.681111111
27,PROCESSED,F6,138,0.45519308536978065,7.681111111
27,PROCESSED,F7,138,0.44672541613814265,7.681111111
27,PROCESSED,F8,138,0.4672650150664036,7.681111111
28,PROCESSED,A1,125,0.3115909155917638,9.9525
28,PROCESSED,A2,125,0.33279252819984073,9.603055556
28,PROCESSED,A3,125,0.31851720974218056,9.603055556
28,PROCESSED,A4,125,0.3241732792615045,9.428333333
28,PROCESSED,A5,125,0.33049447003560756,9.603055556
28,PROCESSED,A6,125,0.3387761899105548,10.12722222
28,PROCESSED,B1,125,0.33406076935251083,9.603055556
28,PROCESSED,B2,125,0.3508492568728028,10.12722222
28,PROCESSED,B3,125,0.3475672942982817,9.253611111
28,PROCESSED,B4,125,0.34338493634782685,9.428333333
28,PROCESSED,B5,125,0.34677507788229317,9.428333333
28,PROCESSED,B6,125,0.3334424492168817,9.428333333
28,PROCESSED,C1,125,0.32472035131649735,9.603055556
28,PROCESSED,C2,125,0.32998334394748485,9.428333333
28,PROCESSED,D1,125,0.33396067426355125,10.65138889
28,PROCESSED,D2,125,0.3458280827614152,9.603055556
28,PROCESSED,E1,125,0.32588735335315155,9.428333333
28,PROCESSED,E2,125,0.3551945641480062,9.9525
28,PROCESSED,E3,125,0.3305615207214787,9.603055556
28,PROCESSED,E4,125,0.34345280599628386,10.12722222
28,PROCESSED,E5,125,0.3586361552917534,9.603055556
28,PROCESSED,E6,125,0.3500707478975532,10.47666667
28,PROCESSED,E7,125,0.3511650587686488,9.428333333
28,PROCESSED,E8,125,0.3424421405985013,9.603055556
28,PROCESSED,F1,125,0.3287815336605471,9.603055556
28,PROCESSED,F2,125,0.3155414441344566,10.12722222
28,PROCESSED,F3,125,0.3305615205952477,9.603055556
28,PROCESSED,F4,125,0.34718316593611864,9.603055556
28,PROCESSED,F5,125,0.35486564706122004,10.30194444
28,PROCESSED,F6,125,0.34612829633653885,9.603055556
28,PROCESSED,F7,125,0.3447367144423551,9.603055556
28,PROCESSED,F8,125,0.33933149572413335,9.603055556
29,PROCESSED,A1,138,0.3593032763601378,8.729444444
29,PROCESSED,A2,138,0.3638099645363233,8.554722222
29,PROCESSED,A3,138,0.3616434789257448,8.554722222
29,PROCESSED,A5,138,0.38424378802539894,10.30194444
29,PROCESSED,A6,138,0.38752320155750886,8.554722222
29,PROCESSED,B1,138,0.37305448720553624,8.554722222
29,PROCESSED,B2,138,0.38581017705049236,9.777777778
29,PROCESSED,B3,138,0.3946669152925988,9.777777778
29,PROCESSED,B5,138,0.38411971229644026,8.729444444
29,PROCESSED,B6,138,0.3932814940968987,8.554722222
29,PROCESSED,C1,138,0.39339870182226455,8.554722222
29,PROCESSED,C2,138,0.38531213510948736,8.729444444
29,PROCESSED,C3,138,0.3982652117965393,9.078888889
29,PROCESSED,C4,138,0.401900870074384,9.9525
29,PROCESSED,C5,138,0.41114668752874983,8.904166667
29,PROCESSED,C6,138,0.3921677812133063,8.38
29,PROCESSED,D1,138,0.39957416662386724,8.38
29,PROCESSED,D2,138,0.38924820680841765,8.554722222
29,PROCESSED,D3,138,0.3992095510639355,8.554722222
29,PROCESSED,D4,138,0.3990594287470852,8.554722222
29,PROCESSED,D5,138,0.414075481732741,8.38
29,PROCESSED,D6,138,0.4039531808192325,8.38
29,PROCESSED,E1,138,0.39074435275472397,8.554722222
29,PROCESSED,E2,138,0.3921677812133082,9.078888889
29,PROCESSED,E3,138,0.39995468346230945,8.904166667
29,PROCESSED,E4,138,0.392059313057729,9.078888889
29,PROCESSED,E5,138,0.3886212617768845,8.729444444
29,PROCESSED,E6,138,0.4072204495831665,8.38
29,PROCESSED,E7,138,0.3973062019959199,8.554722222
29,PROCESSED,E8,138,0.38840356860170144,8.729444444
29,PROCESSED,F1,138,0.37885618248875585,8.554722222
29,PROCESSED,F2,138,0.37315400392619835,8.729444444
29,PROCESSED,F3,138,0.3815578602723021,8.729444444
29,PROCESSED,F4,138,0.3963321770653915,9.078888889
29,PROCESSED,F5,138,0.39307654880849807,9.078888889
29,PROCESSED,F6,138,0.39122397820095767,8.38
29,PROCESSED,F7,138,0.39227864288520253,8.729444444
29,PROCESSED,F8,138,0.4077204555144013,8.729444444
30,PROCESSED,A1,132,0.30464300648386133,9.078888889
30,PROCESSED,A2,132,0.34153285216509643,8.554722222
30,PROCESSED,A3,132,0.33495703579114716,8.554722222
30,PROCESSED,A4,132,0.32662703167502627,8.554722222
30,PROCESSED,A5,132,0.3121149266657574,8.38
30,PROCESSED,A6,132,0.3362404645335353,8.554722222
30,PROCESSED,B1,132,0.4193297420133347,8.904166667
30,PROCESSED,B2,132,0.43188455674438153,8.729444444
30,PROCESSED,B3,132,0.4212163380714954,8.729444444
30,PROCESSED,B4,132,0.425850647093977,8.729444444
30,PROCESSED,B5,132,0.41644406632815534,8.904166667
30,PROCESSED,B6,132,0.4173509996572674,8.904166667
30,PROCESSED,C1,132,0.33964188669422735,8.38
30,PROCESSED,C2,132,0.33705797210037536,8.38
30,PROCESSED,C3,132,0.35029261305370873,8.554722222
30,PROCESSED,C4,132,0.3412739415399505,8.729444444
30,PROCESSED,C5,132,0.3703127912839985,8.38
30,PROCESSED,C6,132,0.3617332331854335,8.38
30,PROCESSED,D1,132,0.3278145233351886,8.38
30,PROCESSED,D2,132,0.34729656959391114,9.603055556
30,PROCESSED,D3,132,0.3491683804334948,8.38
30,PROCESSED,D4,132,0.3404345912842093,8.729444444
30,PROCESSED,D5,132,0.3609781266557912,8.38
30,PROCESSED,D6,132,0.36510425228720095,8.554722222
30,PROCESSED,E1,132,0.3308971834598193,8.554722222
30,PROCESSED,E2,132,0.34187820712733297,8.38
30,PROCESSED,E3,132,0.330020188384202,8.729444444
30,PROCESSED,E4,132,0.3362144392370037,8.38
30,PROCESSED,E5,132,0.34696373261516666,8.38
30,PROCESSED,E6,132,0.3512848324336451,8.554722222
30,PROCESSED,E7,132,0.35627748431059447,8.554722222
30,PROCESSED,E8,132,0.31560563027261146,8.554722222
30,PROCESSED,F1,132,0.33535711902310555,8.554722222
30,PROCESSED,F2,132,0.3215474451413637,8.554722222
30,PROCESSED,F3,132,0.34143430758896565,8.554722222
30,PROCESSED,F4,132,0.3659750282943156,8.554722222
30,PROCESSED,F5,132,0.35187771116725797,8.554722222
30,PROCESSED,F6,132,0.3530005482486074,8.729444444
30,PROCESSED,F7,132,0.34366542185704807,8.554722222
30,PROCESSED,F8,132,0.34914110849686875,8.554722222
31,PROCESSED,A1,138,0.3978053173553089,7.855833333
31,PROCESSED,A2,138,0.41366037585845994,7.855833333
31,PROCESSED,A3,138,0.42855477489420546,8.554722222
31,PROCESSED,A4,138,0.44364538268336917,8.030555556
31,PROCESSED,A5,138,0.44174540977191457,8.904166667
31,PROCESSED,A6,138,0.4345506182284906,7.855833333
31,PROCESSED,B1,138,0.41735099973861367,7.855833333
31,PROCESSED,B2,138,0.42843140754401965,7.855833333
31,PROCESSED,B3,138,0.45044914378311673,8.030555556
31,PROCESSED,B4,138,0.45852703814527007,8.554722222
31,PROCESSED,B5,138,0.4519636125814023,8.38
31,PROCESSED,B6,138,0.45071119552203154,7.855833333
31,PROCESSED,C1,138,0.4291373162195955,7.855833333
31,PROCESSED,C2,138,0.42791275146994057,7.855833333
31,PROCESSED,C3,138,0.4442214273442393,7.855833333
31,PROCESSED,C4,138,0.42387188247119856,8.030555556
31,PROCESSED,C5,138,0.4430493844859227,8.38
31,PROCESSED,C6,138,0.44113072184732893,7.681111111
31,PROCESSED,D1,138,0.42867576573999333,7.855833333
31,PROCESSED,D2,138,0.43525657843376253,7.855833333
31,PROCESSED,D3,138,0.4333332082529354,7.855833333
31,PROCESSED,D4,138,0.4316955479530794,7.855833333
31,PROCESSED,D5,138,0.4586871266215681,7.855833333
31,PROCESSED,D6,138,0.4661784534891886,7.855833333
31,PROCESSED,E1,138,0.4302679969868112,7.855833333
31,PROCESSED,E2,138,0.4430315409827369,7.855833333
31,PROCESSED,E3,138,0.44050651185485346,8.030555556
31,PROCESSED,E4,138,0.4398367199178549,8.205277778
31,PROCESSED,E5,138,0.45053488810964293,8.38
31,PROCESSED,E6,138,0.44555031255048316,7.855833333
31,PROCESSED,E7,138,0.44628458990791764,8.030555556
31,PROCESSED,E8,138,0.4398608359623485,8.030555556
31,PROCESSED,F1,138,0.41761633022393485,7.855833333
31,PROCESSED,F2,138,0.4340401578167832,8.030555556
31,PROCESSED,F3,138,0.4437169716557703,8.205277778
31,PROCESSED,F4,138,0.43794008129128126,8.38
31,PROCESSED,F5,138,0.4370802100024974,7.855833333
31,PROCESSED,F6,138,0.44981565950621694,7.855833333
31,PROCESSED,F7,138,0.46008234751274846,7.855833333
31,PROCESSED,F8,138,0.43508277510712345,8.030555556
32,PROCESSED,A1,138,0.4209756364263886,7.681111111
32,PROCESSED,A2,138,0.4360947576560551,7.855833333
32,PROCESSED,A3,138,0.44113072059039726,7.855833333
32,PROCESSED,A4,138,0.45289320743960815,8.729444444
32,PROCESSED,A5,138,0.43461355843328264,8.554722222
32,PROCESSED,A6,138,0.44818157935112657,7.681111111
32,PROCESSED,B1,138,0.4411307218473288,7.681111111
32,PROCESSED,B2,138,0.4490578327840692,7.681111111
32,PROCESSED,B3,138,0.46053205187785606,8.38
32,PROCESSED,B4,138,0.4730640198619199,8.729444444
32,PROCESSED,B5,138,0.468744495630967,7.681111111
32,PROCESSED,B6,138,0.466208002538405,7.681111111
32,PROCESSED,C1,138,0.4385256372629953,7.681111111
32,PROCESSED,C2,138,0.44811586620109667,7.681111111
32,PROCESSED,C3,138,0.45571662702514015,8.904166667
32,PROCESSED,C4,138,0.47552849321177404,9.078888889
32,PROCESSED,C5,138,0.47968874691758767,8.904166667
32,PROCESSED,C6,138,0.47567359424269506,7.681111111
32,PROCESSED,D1,138,0.4470494110683799,7.681111111
32,PROCESSED,D2,138,0.473806175124317,8.030555556
32,PROCESSED,D3,138,0.46159735319546935,7.855833333
32,PROCESSED,D4,138,0.4756735942426926,8.38
32,PROCESSED,D5,138,0.46289269021217605,7.855833333
32,PROCESSED,D6,138,0.48758155662074176,7.681111111
32,PROCESSED,E1,138,0.4259981977888069,7.681111111
32,PROCESSED,E2,138,0.4673233564734218,7.855833333
32,PROCESSED,E3,138,0.45651616330645695,8.205277778
32,PROCESSED,E4,138,0.4450970221610838,7.681111111
32,PROCESSED,E5,138,0.4689425498367533,7.681111111
32,PROCESSED,E6,138,0.47085785517526346,7.681111111
32,PROCESSED,E7,138,0.4613942336174408,8.030555556
32,PROCESSED,E8,138,0.46324887951445093,7.855833333
32,PROCESSED,F1,138,0.43796968504106637,7.855833333
32,PROCESSED,F2,138,0.43269586399386506,7.855833333
32,PROCESSED,F3,138,0.4500595427723094,7.855833333
32,PROCESSED,F4,138,0.4591982437818073,8.38
32,PROCESSED,F5,138,0.46149867277303136,8.030555556
32,PROCESSED,F6,138,0.46673579926320463,7.681111111
32,PROCESSED,F7,138,0.45868114479180555,7.855833333
32,PROCESSED,F8,138,0.4586811448882915,7.855833333
33,PROCESSED,A1,138,0.40829027401199003,6.632777778
33,PROCESSED,A2,138,0.4255143926803997,6.632777778
33,PROCESSED,A3,138,0.432311962269602,6.632777778
33,PROCESSED,A4,138,0.43222967200149753,6.632777778
33,PROCESSED,A5,138,0.4538211427254052,6.632777778
33,PROCESSED,A6,138,0.44698164438904164,6.632777778
33,PROCESSED,B1,138,0.4181551502213888,7.506388889
33,PROCESSED,B2,138,0.46529030154658957,8.205277778
33,PROCESSED,B3,138,0.45172149233542835,6.632777778
33,PROCESSED,B4,138,0.44915789462335,6.8075
33,PROCESSED,B5,138,0.449510479572388,6.632777778
33,PROCESSED,B6,138,0.4612256256132603,6.632777778
33,PROCESSED,C1,138,0.44662515915429124,6.982222222
33,PROCESSED,C2,138,0.4623642340380604,6.982222222
33,PROCESSED,C3,138,0.45246414232587184,7.331666667
33,PROCESSED,C4,138,0.46087274896954744,6.8075
33,PROCESSED,C5,138,0.4604176370999099,6.8075
33,PROCESSED,C6,138,0.45053488810964415,6.632777778
33,PROCESSED,D1,138,0.43169554937573806,6.632777778
33,PROCESSED,D2,138,0.4713023329987225,6.982222222
33,PROCESSED,D3,138,0.4576474767074391,6.458055556
33,PROCESSED,D4,138,0.4777412666122334,6.632777778
33,PROCESSED,D5,138,0.4875260452133009,6.632777778
33,PROCESSED,D6,138,0.49422030791038296,6.632777778
33,PROCESSED,E1,138,0.4386669376070934,7.506388889
33,PROCESSED,E2,138,0.4632972557489382,6.632777778
33,PROCESSED,E3,138,0.4633431377799997,6.632777778
33,PROCESSED,E4,138,0.4655063821605949,6.632777778
33,PROCESSED,E5,138,0.4597893728196084,6.632777778
33,PROCESSED,E6,138,0.47164402926176807,6.632777778
33,PROCESSED,E7,138,0.46507801823220507,6.632777778
33,PROCESSED,E8,138,0.46059576026568005,6.8075
33,PROCESSED,F1,138,0.4276754555965411,6.8075
33,PROCESSED,F2,138,0.419940091594876,6.632777778
33,PROCESSED,F4,138,0.4666474777871835,6.632777778
33,PROCESSED,F5,138,0.43375524039797864,6.8075
33,PROCESSED,F6,138,0.45031752016496884,6.632777778
33,PROCESSED,F7,138,0.4611251089891777,7.156944444
33,PROCESSED,F8,138,0.45181922130170415,6.8075
34,PROCESSED,A1,78,0.4476538275171802,6.632777778
34,PROCESSED,A2,78,0.4889734720239728,6.632777778
34,PROCESSED,A3,78,0.491277566527082,6.632777778
34,PROCESSED,A4,78,0.5080436749361538,7.156944444
34,PROCESSED,A5,78,0.5024502347190396,6.632777778
34,PROCESSED,A6,78,0.4725106585153531,6.458055556
34,PROCESSED,B1,78,0.47471332990898696,6.458055556
34,PROCESSED,B2,78,0.5093317643229042,6.632777778
34,PROCESSED,B3,78,0.5030552293764318,6.8075
34,PROCESSED,B5,78,0.5111955112531307,6.982222222
34,PROCESSED,B6,78,0.4869514891279063,6.458055556
34,PROCESSED,C1,78,0.5048274567680254,6.458055556
34,PROCESSED,C2,78,0.4900381548094198,6.458055556
34,PROCESSED,C3,78,0.5032005966300935,6.632777778
34,PROCESSED,C4,78,0.5043241091757038,6.632777778
34,PROCESSED,C5,78,0.5039411493165582,6.632777778
34,PROCESSED,C6,78,0.51398113068523,6.458055556
34,PROCESSED,D1,78,0.4907565633532236,6.458055556
34,PROCESSED,D2,78,0.5063199921961786,6.632777778
34,PROCESSED,D3,78,0.5240649966971545,6.632777778
34,PROCESSED,D4,78,0.5275930454448856,6.632777778
34,PROCESSED,D5,78,0.5163742870680178,6.632777778
34,PROCESSED,D6,78,0.5050327987675822,6.458055556
34,PROCESSED,E1,78,0.4791603196537795,6.458055556
34,PROCESSED,E2,78,0.513353739022532,7.156944444
34,PROCESSED,E3,78,0.5004527446407653,6.632777778
34,PROCESSED,E4,78,0.49749518925813074,6.632777778
34,PROCESSED,E5,78,0.5271441295545927,6.8075
34,PROCESSED,E6,78,0.4956275181018226,6.458055556
34,PROCESSED,E7,78,0.522536443360535,6.632777778
34,PROCESSED,E8,78,0.5019084522010877,6.632777778
34,PROCESSED,F1,78,0.46263942695890137,6.458055556
34,PROCESSED,F2,78,0.4922564267831584,6.632777778
34,PROCESSED,F3,78,0.483843234445398,6.632777778
34,PROCESSED,F4,78,0.4981670373417162,6.632777778
34,PROCESSED,F5,78,0.5048921674596465,6.632777778
34,PROCESSED,F6,78,0.49913093367893335,6.632777778
34,PROCESSED,F7,78,0.5201486436225706,6.632777778
34,PROCESSED,F8,78,0.5168593106857307,6.632777778
35,PROCESSED,A1,119,0.43333320815602117,6.283333333
35,PROCESSED,A2,119,0.46973734500165976,6.283333333
35,PROCESSED,A3,119,0.44831678474401604,6.458055556
35,PROCESSED,A4,119,0.49130315558715965,6.283333333
35,PROCESSED,A5,119,0.5005715455319323,6.458055556
35,PROCESSED,A6,119,0.48855382716657025,6.458055556
35,PROCESSED,B1,119,0.4580638183998278,6.458055556
35,PROCESSED,B2,119,0.4906171541441702,6.8075
35,PROCESSED,B3,119,0.5141055488580373,6.283333333
35,PROCESSED,B5,119,0.5059551426725007,6.283333333
35,PROCESSED,B6,119,0.4971637466709078,6.458055556
35,PROCESSED,C1,119,0.4567393838077942,6.458055556
35,PROCESSED,C2,119,0.5089142117243834,6.283333333
35,PROCESSED,C3,119,0.4827055711511562,6.458055556
35,PROCESSED,C5,119,0.5126041303495468,6.283333333
35,PROCESSED,C6,119,0.5074741287334744,6.283333333
35,PROCESSED,D1,119,0.47269033220794654,6.283333333
35,PROCESSED,D2,119,0.5342501891133168,6.283333333
35,PROCESSED,D3,119,0.5123796759906657,6.458055556
35,PROCESSED,D4,119,0.5314640096139127,6.458055556
35,PROCESSED,D5,119,0.5404630284365453,6.8075
35,PROCESSED,D6,119,0.5515444548381828,6.458055556
35,PROCESSED,E1,119,0.4758429895448266,6.283333333
35,PROCESSED,E2,119,0.5126240030668603,6.283333333
35,PROCESSED,E3,119,0.48172268056621625,6.283333333
35,PROCESSED,E4,119,0.515305289763369,6.283333333
35,PROCESSED,E5,119,0.5097229988874993,6.8075
35,PROCESSED,E6,119,0.5110918974666501,6.458055556
35,PROCESSED,E7,119,0.5282396679113376,6.283333333
35,PROCESSED,E8,119,0.512302389805053,6.8075
35,PROCESSED,F1,119,0.48619756070978015,6.458055556
35,PROCESSED,F2,119,0.492506519532266,6.458055556
35,PROCESSED,F3,119,0.4892274024107006,6.283333333
35,PROCESSED,F4,119,0.5003233024531915,6.283333333
35,PROCESSED,F5,119,0.49462172118994263,6.283333333
35,PROCESSED,F6,119,0.5146312290668946,6.458055556
35,PROCESSED,F7,119,0.5185601704066524,6.458055556
36,PROCESSED,A1,133,0.48000704345885925,5.933888889
36,PROCESSED,A2,133,0.48513635928361,6.108611111
36,PROCESSED,A3,133,0.4912335966340744,5.933888889
36,PROCESSED,A4,133,0.5044557020857707,5.933888889
36,PROCESSED,A5,133,0.5024502347190408,6.108611111
36,PROCESSED,A6,133,0.5023684228074998,5.933888889
36,PROCESSED,B1,133,0.5177021186143337,6.108611111
36,PROCESSED,B2,133,0.5435420224888821,5.933888889
36,PROCESSED,B3,133,0.5143872294778367,5.933888889
36,PROCESSED,B4,133,0.5256219015509204,6.108611111
36,PROCESSED,B5,133,0.5506254671577203,6.108611111
36,PROCESSED,B6,133,0.5234258041953899,5.933888889
36,PROCESSED,C1,133,0.4966991711116179,6.108611111
36,PROCESSED,C2,133,0.5153052913831303,6.108611111
36,PROCESSED,C3,133,0.5323936325279156,6.108611111
36,PROCESSED,C4,133,0.5177695785739852,6.108611111
36,PROCESSED,C5,133,0.5232534506578127,6.108611111
36,PROCESSED,C6,133,0.5520295698977885,6.108611111
36,PROCESSED,D1,133,0.49606699897268725,6.108611111
36,PROCESSED,D2,133,0.5405335449523625,6.108611111
36,PROCESSED,D3,133,0.5437505724422866,6.108611111
36,PROCESSED,D4,133,0.5662339277154234,6.108611111
36,PROCESSED,D5,133,0.5209725338047789,6.108611111
36,PROCESSED,D6,133,0.5279243165245258,6.108611111
36,PROCESSED,E1,133,0.5065782204239554,6.108611111
36,PROCESSED,E2,133,0.5288803150167048,6.108611111
36,PROCESSED,E3,133,0.5280780686182422,6.108611111
36,PROCESSED,E4,133,0.5273244629707582,6.108611111
36,PROCESSED,E5,133,0.5371185715457112,5.933888889
36,PROCESSED,E6,133,0.5558953498830645,6.108611111
36,PROCESSED,E7,133,0.5501189592561768,6.108611111
36,PROCESSED,E8,133,0.5446013267974239,6.283333333
36,PROCESSED,F1,133,0.4875945284020575,6.108611111
36,PROCESSED,F2,133,0.5003233039405788,6.108611111
36,PROCESSED,F3,133,0.5133671463234559,6.108611111
36,PROCESSED,F4,133,0.5182697648378887,6.108611111
36,PROCESSED,F5,133,0.5301760271332625,6.108611111
36,PROCESSED,F6,133,0.5427733411733671,6.108611111
36,PROCESSED,F7,133,0.518237786235086,6.108611111
37,PROCESSED,A1,125,0.4385745031173639,5.759166667
37,PROCESSED,A2,125,0.4234719970185665,5.759166667
37,PROCESSED,A3,125,0.42863971459382266,5.933888889
37,PROCESSED,A4,125,0.42166111559493136,5.759166667
37,PROCESSED,A5,125,0.4510844182368393,5.584444444
37,PROCESSED,A6,125,0.41073617982342003,5.759166667
37,PROCESSED,B1,125,0.39894295115328804,5.584444444
37,PROCESSED,B2,125,0.3901942375287889,5.933888889
37,PROCESSED,B3,125,0.4617976107301376,5.584444444
37,PROCESSED,B4,125,0.44043655926823955,5.409722222
37,PROCESSED,B5,125,0.49857523567189477,5.584444444
37,PROCESSED,B6,125,0.4725106581811509,5.584444444
37,PROCESSED,C1,125,0.4679251383486175,5.759166667
37,PROCESSED,C2,125,0.48046286031015273,5.933888889
37,PROCESSED,C3,125,0.49912476870526856,5.933888889
37,PROCESSED,C4,125,0.4148905413235414,6.108611111
37,PROCESSED,C5,125,0.48238334903225455,5.584444444
37,PROCESSED,C6,125,0.4341458861276286,5.584444444
37,PROCESSED,D1,125,0.48604974405825463,6.108611111
37,PROCESSED,D2,125,0.4895022211191774,5.759166667
37,PROCESSED,D3,125,0.5016365935163982,5.759166667
37,PROCESSED,D4,125,0.5274192254661977,6.8075
37,PROCESSED,D5,125,0.5232900057662189,5.584444444
37,PROCESSED,D6,125,0.47211002389522483,5.584444444
37,PROCESSED,E1,125,0.46713439984207294,5.759166667
37,PROCESSED,E2,125,0.47333005135629813,5.933888889
37,PROCESSED,E3,125,0.47164402926176807,5.933888889
37,PROCESSED,E5,125,0.497220083120292,5.759166667
37,PROCESSED,E7,125,0.5126240034288891,5.759166667
37,PROCESSED,E8,125,0.5257187078731047,5.759166667
37,PROCESSED,F1,125,0.40335871017436953,5.759166667
37,PROCESSED,F2,125,0.44973133121967346,6.982222222
37,PROCESSED,F3,125,0.48153165347651117,5.759166667
37,PROCESSED,F4,125,0.5126041306126551,5.759166667
37,PROCESSED,F5,125,0.46367945776590846,5.759166667
37,PROCESSED,F6,125,0.4701836118684313,5.759166667
37,PROCESSED,F7,125,0.46920908934172,5.759166667
37,PROCESSED,F8,125,0.4475312716936827,5.759166667
38,PROCESSED,A1,138,0.42199694136541077,5.759166667
38,PROCESSED,A2,138,0.42523050826646713,5.584444444
38,PROCESSED,A4,138,0.3939646510556227,5.584444444
38,PROCESSED,A5,138,0.4646193767140222,5.584444444
38,PROCESSED,A6,138,0.3999546834898293,5.759166667
38,PROCESSED,B1,138,0.3614999648401147,5.409722222
38,PROCESSED,B2,138,0.41426023998664585,5.759166667
38,PROCESSED,B3,138,0.41510656608226393,5.759166667
38,PROCESSED,B4,138,0.41102810612549945,5.584444444
38,PROCESSED,B5,138,0.4901257497686946,5.584444444
38,PROCESSED,B6,138,0.4847617646687702,5.584444444
38,PROCESSED,C1,138,0.47609592112333476,5.759166667
38,PROCESSED,C2,138,0.47357431473495826,5.584444444
38,PROCESSED,C3,138,0.5550632294321601,5.584444444
38,PROCESSED,C4,138,0.4238395184451784,5.759166667
38,PROCESSED,C5,138,0.43218472253643836,5.409722222
38,PROCESSED,C6,138,0.4205522216302998,5.759166667
38,PROCESSED,D1,138,0.534985254062605,5.759166667
38,PROCESSED,D2,138,0.5016365932125486,5.584444444
38,PROCESSED,D3,138,0.5177021169366745,5.584444444
38,PROCESSED,D4,138,0.5059875523180479,5.584444444
38,PROCESSED,D5,138,0.5343534655150698,5.584444444
38,PROCESSED,D6,138,0.475163054983751,5.584444444
38,PROCESSED,E1,138,0.48724418160134153,5.759166667
38,PROCESSED,E2,138,0.4989445093476419,5.759166667
38,PROCESSED,E3,138,0.5001884498224252,5.759166667
38,PROCESSED,E5,138,0.5042636282191484,5.584444444
38,PROCESSED,E6,138,0.49932731762801996,5.584444444
38,PROCESSED,E7,138,0.5193925746533545,5.759166667
38,PROCESSED,E8,138,0.49340039657360424,5.584444444
38,PROCESSED,F1,138,0.42913202410859497,6.108611111
38,PROCESSED,F2,138,0.48298759378854716,5.759166667
38,PROCESSED,F3,138,0.5209909428246352,5.759166667
38,PROCESSED,F4,138,0.5318602495494757,5.759166667
38,PROCESSED,F5,138,0.4932338480682573,5.759166667
38,PROCESSED,F6,138,0.4743100511124594,5.759166667
38,PROCESSED,F7,138,0.4709221685114757,5.759166667
38,PROCESSED,F8,138,0.4524250034410089,5.759166667
39,PROCESSED,A1,132,0.4629237640849442,6.283333333
39,PROCESSED,A2,132,0.44392943622029746,6.108611111
39,PROCESSED,A3,132,0.4639010964725496,5.933888889
39,PROCESSED,A4,132,0.45212353814670614,5.933888889
39,PROCESSED,A5,132,0.4536180953417359,6.8075
39,PROCESSED,A6,132,0.48352683384600825,5.933888889
39,PROCESSED,B1,132,0.46341652467349537,5.933888889
39,PROCESSED,B3,132,0.45387767039912785,5.933888889
39,PROCESSED,B4,132,0.43715891495535086,6.283333333
39,PROCESSED,B5,132,0.4313136102701036,5.933888889
39,PROCESSED,B6,132,0.4151938189617177,5.759166667
39,PROCESSED,C1,132,0.5005715468287134,5.933888889
39,PROCESSED,C2,132,0.49894451074682833,5.933888889
39,PROCESSED,C3,132,0.4206167603037534,5.759166667
39,PROCESSED,C4,132,0.43852563726299465,5.933888889
39,PROCESSED,C5,132,0.39566108127294375,5.584444444
39,PROCESSED,C6,132,0.4780562030466198,6.283333333
39,PROCESSED,D1,132,0.5084675984645293,6.8075
39,PROCESSED,D2,132,0.5201619218876607,6.632777778
39,PROCESSED,D3,132,0.5398432778916777,5.933888889
39,PROCESSED,D4,132,0.50177383579299,5.933888889
39,PROCESSED,D5,132,0.5217469026255361,5.759166667
39,PROCESSED,D6,132,0.43901173837773544,5.759166667
39,PROCESSED,E1,132,0.4521584231557214,5.759166667
39,PROCESSED,E2,132,0.520959753660312,5.933888889
39,PROCESSED,E3,132,0.49710360671533727,5.933888889
39,PROCESSED,E4,132,0.4961849286214295,5.759166667
39,PROCESSED,E5,132,0.536716519528428,5.759166667
39,PROCESSED,E6,132,0.49711731836039297,6.283333333
39,PROCESSED,E7,132,0.5084675971300905,7.331666667
39,PROCESSED,E8,132,0.46326296707382597,5.759166667
39,PROCESSED,F1,132,0.4693628229372896,6.108611111
39,PROCESSED,F2,132,0.45867470752854,6.283333333
39,PROCESSED,F3,132,0.5151379266679226,6.283333333
39,PROCESSED,F4,132,0.49935623327558254,5.759166667
39,PROCESSED,F5,132,0.4799697355405712,6.632777778
39,PROCESSED,F6,132,0.43286754703331853,6.458055556
39,PROCESSED,F7,132,0.41560258450948173,5.933888889
39,PROCESSED,F8,132,0.41132939941399305,5.759166667
40,PROCESSED,A1,103,0.46630700052219876,5.933888889
40,PROCESSED,A2,103,0.48277178733594406,6.283333333
40,PROCESSED,A3,103,0.4637933094961948,7.156944444
40,PROCESSED,A4,103,0.453940737147007,5.933888889
40,PROCESSED,A5,103,0.4877799140201806,5.759166667
40,PROCESSED,A6,103,0.5027048086112393,5.933888889
40,PROCESSED,B1,103,0.44754466117514324,5.759166667
40,PROCESSED,B2,103,0.5258912699507625,6.458055556
40,PROCESSED,B3,103,0.45230919275612713,5.759166667
40,PROCESSED,B4,103,0.48054849683655987,5.933888889
40,PROCESSED,B5,103,0.4930341011446583,5.759166667
40,PROCESSED,B6,103,0.4262647911785207,5.933888889
40,PROCESSED,C1,103,0.44791357559495837,6.458055556
40,PROCESSED,C2,103,0.44704940971821716,5.584444444
40,PROCESSED,C3,103,0.4574888605730506,5.759166667
40,PROCESSED,C4,103,0.49178134000224394,5.933888889
40,PROCESSED,C5,103,0.5155156856405465,5.759166667
40,PROCESSED,C6,103,0.4283502847136529,5.759166667
40,PROCESSED,D1,103,0.4186119505473038,6.108611111
40,PROCESSED,D2,103,0.4533688811332732,6.108611111
40,PROCESSED,D3,103,0.4930341011446583,5.759166667
40,PROCESSED,D4,103,0.44998937949117934,5.759166667
40,PROCESSED,D5,103,0.4380896093398836,5.584444444
40,PROCESSED,D6,103,0.39262642136466464,5.933888889
40,PROCESSED,E1,103,0.48201263336121536,5.759166667
40,PROCESSED,E2,103,0.4997533519843578,5.759166667
40,PROCESSED,E3,103,0.49754822473611626,5.759166667
40,PROCESSED,E4,103,0.49226872571717006,6.108611111
40,PROCESSED,E5,103,0.5606032572634914,5.759166667
40,PROCESSED,E6,103,0.43508277619726776,6.108611111
40,PROCESSED,E7,103,0.48468143754061677,5.933888889
40,PROCESSED,E8,103,0.4726253242814773,5.933888889
40,PROCESSED,F1,103,0.4803764901707721,5.933888889
40,PROCESSED,F2,103,0.5047491480682129,5.933888889
40,PROCESSED,F3,103,0.46716989234295636,5.759166667
40,PROCESSED,F4,103,0.4448246493232746,5.060277778
40,PROCESSED,F5,103,0.44688285487601753,5.933888889
40,PROCESSED,F6,103,0.429081502030777,5.759166667
40,PROCESSED,F7,103,0.45414826613648285,5.933888889
41,PROCESSED,A1,131,0.3798670725137945,6.108611111
41,PROCESSED,A2,131,0.3889087384555947,6.283333333
41,PROCESSED,A3,131,0.3916479001657771,6.108611111
41,PROCESSED,A4,131,0.4104794673734964,6.108611111
41,PROCESSED,A5,131,0.40980625501019907,6.108611111
41,PROCESSED,A6,131,0.40867269654836447,6.982222222
41,PROCESSED,B2,131,0.4152082460032578,5.759166667
41,PROCESSED,B3,131,0.3842886565650452,6.283333333
41,PROCESSED,B4,131,0.43410661090119074,6.108611111
41,PROCESSED,B5,131,0.43036892289815565,6.283333333
41,PROCESSED,B6,131,0.4127313621458891,6.283333333
41,PROCESSED,C2,131,0.40074205153670195,6.108611111
41,PROCESSED,C3,131,0.3935183970696208,6.283333333
41,PROCESSED,C4,131,0.4067067418769893,6.283333333
41,PROCESSED,C5,131,0.36068886788586363,6.108611111
41,PROCESSED,C6,131,0.41994009036224966,6.283333333
41,PROCESSED,D2,131,0.39995468457114414,6.108611111
41,PROCESSED,D3,131,0.394749070900681,6.108611111
41,PROCESSED,D4,131,0.42838377213884093,6.283333333
41,PROCESSED,D5,131,0.4064749077945963,6.632777778
41,PROCESSED,D6,131,0.39938993269039946,6.283333333
41,PROCESSED,E2,131,0.34872812898339367,5.933888889
41,PROCESSED,E3,131,0.3989748220125241,6.458055556
41,PROCESSED,E4,131,0.37487697642502193,6.283333333
41,PROCESSED,E5,131,0.3866707778893953,6.458055556
41,PROCESSED,E6,131,0.3787105909791516,6.458055556
41,PROCESSED,E7,131,0.3428333216355206,6.283333333
41,PROCESSED,E8,131,0.39487175966123544,6.283333333
41,PROCESSED,F2,131,0.3845165261002661,6.108611111
41,PROCESSED,F3,131,0.36766452177590425,6.458055556
41,PROCESSED,F4,131,0.3746105362226202,6.108611111
41,PROCESSED,F5,131,0.3576029381638173,6.108611111
41,PROCESSED,F6,131,0.3839157898729644,6.283333333
41,PROCESSED,F7,131,0.32077298142093924,6.283333333
42,PROCESSED,A1,130,0.4667837942186259,5.584444444
42,PROCESSED,A2,130,0.4846967045436621,5.933888889
42,PROCESSED,A3,130,0.46725245816575267,5.759166667
42,PROCESSED,A4,130,0.4845010175119131,6.108611111
42,PROCESSED,A5,130,0.47324260222625103,6.458055556
42,PROCESSED,A6,130,0.46798180865717565,5.933888889
42,PROCESSED,B1,130,0.47948991479072933,6.108611111
42,PROCESSED,B2,130,0.4754996596711526,5.759166667
42,PROCESSED,B3,130,0.46393311514901336,5.933888889
42,PROCESSED,B4,130,0.49355273140826683,5.584444444
42,PROCESSED,B5,130,0.5022464166522718,5.584444444
42,PROCESSED,B6,130,0.4307359207440402,7.331666667
42,PROCESSED,C1,130,0.4766559904544244,6.283333333
42,PROCESSED,C2,130,0.48172268093732473,5.759166667
42,PROCESSED,C3,130,0.47444524356564066,6.458055556
42,PROCESSED,C4,130,0.4595339056458111,7.506388889
42,PROCESSED,C5,130,0.49836633411727116,7.681111111
42,PROCESSED,C6,130,0.47731617751814914,5.933888889
42,PROCESSED,D1,130,0.506592313195412,6.108611111
42,PROCESSED,D2,130,0.4981382874449938,7.331666667
42,PROCESSED,D3,130,0.5028464813873861,5.759166667
42,PROCESSED,D4,130,0.4505908468865445,6.632777778
42,PROCESSED,D5,130,0.48079185382328227,5.759166667
42,PROCESSED,D6,130,0.48429421189095434,5.759166667
42,PROCESSED,E1,130,0.4754996610699871,5.933888889
42,PROCESSED,E2,130,0.5156368524585011,7.506388889
42,PROCESSED,E3,130,0.4858938855070727,5.759166667
42,PROCESSED,E4,130,0.5090564819562191,5.759166667
42,PROCESSED,E5,130,0.4822863388621441,6.108611111
42,PROCESSED,E6,130,0.46350523049170644,5.759166667
42,PROCESSED,E7,130,0.4083980190536638,6.982222222
42,PROCESSED,E8,130,0.4645297490078901,5.759166667
42,PROCESSED,F1,130,0.45956024195392664,5.759166667
42,PROCESSED,F2,130,0.49384381454364057,5.759166667
42,PROCESSED,F3,130,0.4981382873918594,5.759166667
42,PROCESSED,F4,130,0.48384323334093704,5.759166667
42,PROCESSED,F5,130,0.5011961127174509,5.759166667
42,PROCESSED,F6,130,0.478874412315343,5.759166667
42,PROCESSED,F7,130,0.4700256518017809,5.759166667
42,PROCESSED,F8,130,0.4509738069387679,5.759166667
43,PROCESSED,A1,138,0.4367783480528078,6.108611111
43,PROCESSED,A2,138,0.4375360898724481,6.283333333
43,PROCESSED,A3,138,0.4300603579509896,6.283333333
43,PROCESSED,A4,138,0.4449065308372051,6.982222222
43,PROCESSED,A5,138,0.4190820863864486,7.156944444
43,PROCESSED,A6,138,0.41882596857611554,6.283333333
43,PROCESSED,B1,138,0.4703354776995454,6.458055556
43,PROCESSED,B2,138,0.4453421798822901,6.982222222
43,PROCESSED,B3,138,0.450170190920512,6.458055556
43,PROCESSED,B4,138,0.44470827513868905,6.458055556
43,PROCESSED,B5,138,0.4480513666187804,6.632777778
43,PROCESSED,B6,138,0.43217649987732654,6.458055556
43,PROCESSED,C1,138,0.43836714229470886,6.458055556
43,PROCESSED,C2,138,0.44754466133506354,6.458055556
43,PROCESSED,C3,138,0.4460016757032823,7.331666667
43,PROCESSED,C4,138,0.4319051942447891,6.632777778
43,PROCESSED,C5,138,0.4254189092811076,6.8075
43,PROCESSED,C6,138,0.43668365641356943,6.458055556
43,PROCESSED,D2,138,0.4396048954482221,6.283333333
43,PROCESSED,D3,138,0.4616120542805291,6.458055556
43,PROCESSED,D4,138,0.4697373464946464,6.632777778
43,PROCESSED,D5,138,0.44874766733388816,6.458055556
43,PROCESSED,D6,138,0.4526639776326782,6.632777778
43,PROCESSED,E2,138,0.4243644741770669,6.458055556
43,PROCESSED,E3,138,0.44682278780805484,6.982222222
43,PROCESSED,E4,138,0.44263331322774957,6.632777778
43,PROCESSED,E5,138,0.4556423412724686,6.632777778
43,PROCESSED,E6,138,0.42073050191312755,6.458055556
43,PROCESSED,E7,138,0.4620784908337645,6.632777778
43,PROCESSED,E8,138,0.449198629134284,6.283333333
43,PROCESSED,F2,138,0.4556667828164327,7.681111111
43,PROCESSED,F3,138,0.4461556302112768,6.283333333
43,PROCESSED,F4,138,0.4411307218473288,6.108611111
43,PROCESSED,F5,138,0.41546521045536977,6.283333333
43,PROCESSED,F6,138,0.4380896096787519,6.283333333
43,PROCESSED,F7,138,0.41102029103983306,6.108611111
44,PROCESSED,A2,122,0.48635840436300626,10.82611111
44,PROCESSED,A3,122,0.43203156103980045,11.69972222
44,PROCESSED,A4,122,0.43017897690634954,12.04916667
44,PROCESSED,A5,122,0.4245499241049622,11.87444444
44,PROCESSED,A6,122,0.4372046935591012,10.12722222
44,PROCESSED,B1,122,0.3653734283767407,10.47666667
44,PROCESSED,B2,122,0.4515179683027326,12.04916667
44,PROCESSED,B3,122,0.4292132120689298,14.14583333
44,PROCESSED,B4,122,0.43066750878759263,14.32055556
44,PROCESSED,B5,122,0.4519254784785862,13.79638889
44,PROCESSED,B6,122,0.4418890905559796,12.22388889
44,PROCESSED,C1,122,0.4419063413279085,11.00083333
44,PROCESSED,C2,122,0.43898954815794666,13.0975
44,PROCESSED,C3,122,0.436114625260154,14.49527778
44,PROCESSED,C5,122,0.42073050802154777,14.84472222
44,PROCESSED,C6,122,0.41561086765382194,14.67
44,PROCESSED,D1,122,0.42929088687545325,10.82611111
44,PROCESSED,D3,122,0.4470709163697184,14.49527778
44,PROCESSED,D5,122,0.4031306647299535,15.01944444
44,PROCESSED,D6,122,0.41832833333413943,14.49527778
44,PROCESSED,E1,122,0.41446057303263606,11.00083333
44,PROCESSED,E2,122,0.4077490637058818,14.14583333
44,PROCESSED,E3,122,0.42077390826001415,13.44694444
44,PROCESSED,E4,122,0.4580501616917847,14.32055556
44,PROCESSED,E5,122,0.4636637869977198,14.32055556
44,PROCESSED,E6,122,0.44113071162549344,15.01944444
44,PROCESSED,E7,122,0.44532490213248366,12.39861111
44,PROCESSED,E8,122,0.4060175838981559,11.525
44,PROCESSED,F1,122,0.3533639109145501,11.00083333
44,PROCESSED,F2,122,0.3622196576112271,10.30194444
44,PROCESSED,F3,122,0.40139549163761035,11.17555556
44,PROCESSED,F4,122,0.4428195350019275,11.35027778
44,PROCESSED,F5,122,0.4224877495230577,11.17555556
44,PROCESSED,F6,122,0.4454307650806253,11.00083333
45,RAW,A1,413,0.31795878214199225,19.21277778
45,RAW,A2,413,0.3389922006020323,26.37638889
45,RAW,A3,413,0.29207967300396054,52.93416667
45,RAW,A4,413,0.19616655406458516,45.77055556
45,RAW,A5,413,0.22728123843934323,30.91916667
45,RAW,A6,413,0.31798218798479305,33.01583333
45,RAW,B1,413,0.24949286612999155,24.80388889
45,RAW,B2,413,0.052109954238786976,0.168055556
45,RAW,B3,413,0.026214094752244677,53.63305556
45,RAW,B4,413,0.026375165751094443,6.458055556
45,RAW,B5,413,0.026134293219074678,6.108611111
45,RAW,B6,413,0.31330941434263093,61.67027778
45,RAW,C1,413,0.22519250435252403,26.55111111
45,RAW,C2,413,0.05407949309351458,0.168055556
45,RAW,C3,413,0.03522085229878915,0.168055556
45,RAW,C4,413,0.01750271649744306,8.729444444
45,RAW,C5,413,0.017449354175790965,4.361388889
45,RAW,C6,413,0.018256380508371493,0.168055556
45,RAW,D1,413,0.27805205648214315,33.19055556
45,RAW,D2,413,0.038029179360303506,0.168055556
45,RAW,D3,413,0.1846889315010909,70.93055556
45,RAW,D4,413,0.01750271639711576,4.885555556
45,RAW,D5,413,0.08138042007632462,71.28
45,RAW,D6,413,0.26500996115984177,46.99361111
45,RAW,E1,413,0.25480970462718444,26.37638889
45,RAW,E2,413,0.40401161759156845,26.55111111
45,RAW,E3,413,0.1384299726852598,43.84861111
45,RAW,E4,413,0.17953737870699982,47.16833333
45,RAW,E5,413,0.2701187184070024,37.38388889
45,RAW,E6,413,0.08061617925021691,43.49916667
45,RAW,E7,413,0.2876077206137846,45.77055556
45,RAW,E8,413,0.3292922038902304,24.105
45,RAW,F1,413,0.297585829449877,17.815
45,RAW,F2,413,0.24443871865396383,22.5325
45,RAW,F3,413,0.2555103974789503,28.29833333
45,RAW,F4,413,0.13486876271698556,35.63666667
45,RAW,F5,413,0.22124034635632395,26.02694444
45,RAW,F6,413,0.3002163760570764,22.18305556
45,RAW,F7,413,0.25316942512408636,25.50277778
45,RAW,F8,413,0.2720988921830205,18.16444444
