Time_in_hr,A1,A2,A3,A4,A5,A6,B1,B2,B3,B4,B5,B6,C1,C2,C3,C4,C5,C6,D1,D2,D3,D4,D5,D6,E1,E2,E3,E4,E5,E6,E7,E8,F1,F2,F3,F4,F5,F6,F7
0.168055556,0.01508135375021244,-0.15200855831809837,0.03197421967676134,-0.10366025417789214,0.04684913282776061,0.032335512205877166,0.07765886359932382,0.0,0.0,0.0,0.03077088291826095,-0.015832293461160645,0.0789442921137751,-0.11747352860891891,-0.015201524040349364,0.014731978369487682,0.0,-0.016009438233113626,0.07872710701037985,0.0,0.0,-0.014885237093981592,-0.015788618113382568,-0.015788618113382568,0.06306808100008301,-0.06448936327253324,0.0,0.0,0.016236522765832102,0.0,0.0,0.0,0.031021053918025423,0.031275326112088664,0.0,0.016565483160834046,0.0,0.0,0.0
0.342777778,0.015061535916921276,-0.17854137809465787,0.0318854019417234,-0.02950217076240369,0.031190338393349393,0.02421750886024565,0.05421487325879237,0.024424204180042874,0.023047253849303395,0.007723851431917339,0.030688607437054483,0.007894309056691196,0.062896712470768,-0.19374695286275978,0.007580627527667527,0.014713066951548281,0.0,0.0,0.05495860691392185,0.016076925533327735,0.007682381038712549,0.014827417722508063,0.0,0.00787259153529396,0.05495860691392185,-0.04850430048266352,0.00782951300514867,0.007744754979543966,0.00811826138291627,0.0,-0.008555119131801181,0.008072460129431747,0.038619819850060466,0.03893509337289336,0.008235071059293109,0.016541579111498006,0.0,0.0,0.0
0.5175,-4.440892098500626e-16,-0.2995343733777851,0.007960186546496661,0.014904644204725592,0.007765771979468816,4.440892098500626e-16,0.0077030604204177955,0.02442420418004243,0.015385441459130345,0.0,-0.007682381038712549,0.007916146730580387,0.00782951300514867,-0.3059078397500943,0.007600762020174567,0.014675340973283824,0.0,0.0,0.015595053408731907,0.008049752757307349,0.0,0.014865930668807703,0.0,0.0,0.031190338393349393,-0.02442420418004332,4.440892098500626e-16,0.0,-0.00811826138291627,-0.007850993177475729,-0.017135890833114953,4.440892098500626e-16,0.007723851431917339,0.015552675337304755,0.008235071059292665,0.0,-0.008187946124655898,-0.008330967217949237,-0.008355291244335206
0.692222222,0.0,-0.2838228559434013,0.007916146730580387,0.0,0.007744754979543966,0.0,0.007661812390173051,4.440892098500626e-16,0.007641353587751087,0.0077030604204177955,4.440892098500626e-16,-0.007894309056691196,0.0,-0.16356938798531395,4.440892098500626e-16,0.014637807968040484,0.0,0.0,0.007765771979468816,0.023947296384877248,0.007661812390173051,-0.007404105600691491,0.0,-0.00787259153529396,0.02323437839093012,0.008141357463481214,-0.00782951300514867,0.0,4.440892098500626e-16,-4.440892098500626e-16,0.0,0.0,0.0,0.0,0.008211440980738338,4.440892098500626e-16,4.440892098500626e-16,0.0,4.440892098500626e-16
0.866944444,0.00752085906333777,-0.08682558174969257,1.8147927605127734e-10,8.497247350192083e-11,0.0077447550017071265,0.008049752780343145,0.015344193472795808,0.0,0.007661812499567766,0.007723851542195348,0.02298554708241385,0.0,0.015595053453360208,0.014637807926257906,0.007580627549360841,0.007309544782478028,0.0,0.0080047191394641,0.007765772001692373,0.024014282774241114,0.015344193472795808,0.0,0.007894309079282458,0.015766900546989593,0.015468606455727674,0.016305942843789722,0.00782951293793177,8.86526407839483e-11,0.016213557310156723,0.007850993199943535,0.008580771725869685,0.00807246015253238,0.007703060530400485,0.015468606367314841,0.00821144100423643,0.016493908543309566,0.008187946148087377,0.008330967241790166,0.008355291268245413
1.041666667,-4.440892098500626e-16,-4.440892098500626e-16,-0.007916146571754545,8.497247350192083e-11,0.0,0.02401428268312289,0.0,0.0,8.746825486127818e-11,-0.015426911808307686,-0.00764135360961804,-0.007916146753233821,0.0,0.01460046641708157,0.007560599447960392,0.0,0.0,0.007982390744666557,-4.440892098500626e-16,-0.007960186478157993,0.0,0.0,0.0,-9.01154706411944e-11,0.00770306044246194,-4.440892098500626e-16,0.015637663011171643,8.865219669473845e-11,-9.266498679494362e-11,-4.440892098500626e-16,-4.440892098500626e-16,-0.00807246015253238,8.793810124529955e-11,0.007723851365607715,0.008187946148086489,0.02463445814091747,-4.440892098500626e-16,-4.440892098500626e-16,-4.440892098500626e-16
1.216388889,0.0,0.006773222613509766,0.0,-0.007442618546991131,0.0,0.03197446916089808,0.0,0.008095295973507,0.01526235734159398,0.0,-0.007641353587751087,0.0,0.0,0.007290921697409747,0.015101276301430655,0.007290921697409747,0.0077030604204177955,0.007982390721823496,0.0,0.015898292103342815,0.01526235734159398,0.007404105600691491,0.00787259153529396,-0.00787259153529396,0.0077030604204177955,0.0,0.015595053408731907,0.015468606411461305,0.0,0.0,0.008555119131801181,0.0,0.007682381038712549,0.0077030604204177955,0.008187946124655454,0.016399387105393348,0.008164585333645835,0.0,0.0
1.391111111,0.007501145102980278,0.0,0.0,-0.007423312121816572,0.007723851431917339,0.0,0.0,0.0,0.007621003753842892,0.030771105281220734,0.01526235734159398,0.015810455787271582,0.0,-0.007290921697409747,0.007540676875106289,0.007290921697409747,0.0077030604204177955,0.007960186546496661,0.015468606411461305,0.0238144388339232,0.02286311936176899,0.007404105600691491,0.00787259153529396,0.00787259153529396,0.0153441934288856,0.01621355735642327,0.007786903357835939,0.007723851431917339,0.008095295973507,0.0,0.008555119131801181,0.008072460129431747,0.0,0.015385441459130345,0.008164585333645835,0.008164585333645835,0.008164585333645835,0.0,0.0
1.565833333,0.007501145124446218,-0.006773222632892484,9.086553731663116e-11,0.0074426185682896495,0.007723851454020547,-9.1117779987826e-11,0.0,-0.016213557309893822,0.007600761954922319,0.01538544159086186,0.015262357385270153,0.007894309079282902,0.0077657719127994795,-8.345724111791242e-11,4.440892098500626e-16,0.007272393224416085,4.440892098500626e-16,0.007960186569276662,0.007744755090119959,9.061418282385603e-11,0.015181389504513199,0.0,-0.007872591467706691,9.011591473040426e-11,0.007682381148399919,0.016213557402822154,0.0077657719127994795,0.007703060354287139,0.008072460060128961,0.0,-0.008555119058355043,0.016076925395307473,4.440892098500626e-16,0.007682381060697185,0.0081645853570107,0.0081645853570107,-0.00816458526355257,4.440892098500626e-16,0.008330967146427337
1.740555556,0.0,0.0,0.007916146844099359,0.014827417764939455,0.00770306044246194,0.015898292057720198,0.007641353609617596,9.2927443517965e-11,0.015181389504282716,-0.007661812324396333,0.007600762041925613,0.007872591557822606,0.0077657719127990354,0.021817273773318213,0.00752085906333777,0.007272393224416085,0.0,0.0,8.841327669983912e-11,9.061373873464618e-11,0.007580627462587142,0.014750987437120333,0.007850993290058117,9.011502655198456e-11,8.770273396407902e-11,0.0,0.015510526914506162,0.007703060354287139,0.008072460060128961,0.007829513027554302,9.792833211008656e-11,0.016076925395306585,0.007661812412099067,0.007661812412099067,0.008141357486779022,0.024354914889600288,9.345768603452598e-11,0.008306784429138236,0.008330967146426893
1.915277778,-0.00750114510297939,0.00677322261351021,0.007938105556846153,0.007423312121817016,4.440892098500626e-16,0.007938105556846153,0.015262357341594424,0.00811826138291627,0.007580627527667971,-0.015385441459130345,0.0076007620201750115,4.440892098500626e-16,4.440892098500626e-16,0.021761969651517443,0.015022004144796153,4.440892098500626e-16,0.007682381038712549,0.007938105556846153,0.007723851431917339,0.015810455787272026,4.440892098500626e-16,4.440892098500626e-16,0.015723584712770133,0.007872591535294404,0.007661812390173495,4.440892098500626e-16,0.00774475497954441,0.007682381038712549,4.440892098500626e-16,0.00782951300514867,0.008555119131801625,4.440892098500626e-16,0.007661812390173495,0.007661812390173495,0.008141357463481214,0.024354914819904483,0.0,0.016589525985784892,4.440892098500626e-16
2.09,-8.881784197001252e-16,0.006773222613509766,-0.01585425228742654,-0.007404105600691935,-4.440892098500626e-16,-4.440892098500626e-16,0.007621003753842892,0.0,-4.440892098500626e-16,0.030524931751941597,-0.0076007620201750115,-4.440892098500626e-16,0.007744754979543522,0.00723561755458535,0.00750114510297939,0.007253958810081507,0.007682381038712105,0.00793810555684571,-4.440892098500626e-16,0.01576690059198471,0.007560599426323922,-0.00736598918474396,0.0,0.007850993177475729,0.007641353587750199,0.008072460129430858,0.007723851431916451,0.015344193428885156,0.008049752757306905,0.007808150050895524,0.008529619484056727,0.008004719116556203,-4.440892098500626e-16,-4.440892098500626e-16,0.008118261382915826,0.008072460129430858,0.0,0.016541579111497562,0.008306784405366585
2.264722222,0.014982679346720928,4.440892098500626e-16,-0.00793810555684571,0.007404105600691935,0.015385441459130789,0.015810455787272026,4.440892098500626e-16,0.0,0.015101276301431099,0.030688607437054927,4.440892098500626e-16,0.015723584712770133,0.00774475497954441,0.007217368815026326,0.007481534243741095,0.0,0.015303165977924138,0.00791614673058083,0.007703060420418684,4.440892098500626e-16,0.015101276301431099,0.014750987394907877,0.00782951300514867,0.015680506182624843,0.007641353587751087,0.016122212886739096,0.007723851431917339,0.015303165977924138,0.008049752757307793,0.007808150050896412,0.008529619484057616,0.00800471911655709,0.007641353587751087,0.007641353587751087,0.00811826138291627,0.016122212886739096,0.024424204180042874,0.01649390859037414,0.016589525985784892
2.439444444,0.014943559858823896,0.0067572290987927275,0.007938105488697111,0.02215509289014994,0.007682381060696741,0.007916146843597982,0.015181389417509461,0.0,0.007560599534277124,-0.015221765817577282,0.015181389504513199,0.01568050613787486,0.007723851365607715,0.021597726703187714,0.022386178341919027,-8.303446819013516e-11,0.022924169710134112,0.01581045574215212,0.01538544141522058,0.007850993019959507,0.037506240685699854,0.014713066909552541,0.01563766301141678,0.01563766301141678,0.015221765643338436,0.01607692548745021,0.015385441327045779,0.015262357298035045,0.00802717270710751,0.01555267520378445,0.008504271321722712,0.007982390653295202,0.022863119252956476,0.015262357298035045,0.01616775596413733,0.040024221666738136,0.024354914796935745,0.016446511993101876,0.024776650052892535
2.614166667,0.014904644161962022,0.013498540170260753,0.007938105488697111,0.014750987268269178,0.015303166021717107,0.007872591648186766,0.02274198886546941,0.008095295996673357,0.015022004274099832,0.015221765817577282,0.030202762870570776,0.015637663011171643,0.01542691180806921,0.03581630249106382,0.02973206184170829,0.021706945158777913,0.02280239327970257,0.023617893746683993,0.00768238097275864,0.03136124767857629,0.015022003844775256,0.014675340931179282,0.023360825365673854,0.015595053363981926,0.022802393192698833,0.02401428259123728,0.015385441327045335,0.01522176573034173,0.02401428259123728,0.023297430205491132,0.025437369405324706,0.01594257722257053,0.015221765643337992,0.01522176573034173,0.024217508744480032,0.05572303029847392,0.01616775605654075,0.02456397241533903,0.024705349453009173
2.788888889,0.014865930668807259,0.0067413110521767905,-4.440892098500626e-16,0.01467534097328338,0.038105559279609125,0.023617893769460885,0.022622135343245642,0.016167756102938302,0.02256268101990111,0.030362992728009353,0.037604814689966126,0.007808150050895524,0.0077030604204177955,0.035637885463952745,0.029578405117415496,0.02883334436057483,0.01518138954784165,0.01572358471276969,0.007661812390173051,0.0,0.007442618546990243,0.021928729665448454,0.015552675337304311,0.023297430316848278,0.015141226953991449,0.023947296384876804,0.015303165977923694,0.01518138954784165,0.023947296384876804,0.015468606411460417,0.016933098035144756,0.01589829210334237,0.015141226953991449,0.01518138954784165,0.016076925533327735,0.039472146056887425,0.016122212886738208,0.02449388892178206,0.016399387105393348
2.963611111,0.02957840511741594,0.02012917011031412,4.440892098500626e-16,0.014675340973284268,0.03036299272801024,0.02348865623352081,0.03004421526364265,0.016122212886739096,0.022386178448466687,0.022681903829098626,0.029887323551446077,0.023297430316849166,0.015344193428886044,0.03537356806157721,0.022098065161712643,0.028688813891626364,0.02262213534324653,0.015637663056044637,0.007661812390173495,0.0155526753373052,0.03721359617097475,0.02912681855590238,0.02317166683187999,0.030937438811348805,0.02262213534324653,0.0238144388339232,0.03810555927960957,0.022681903829098626,0.0317087478906144,0.015426911852335579,0.01683349099997855,0.023748561344117736,0.030202762870914057,0.022681903829098626,0.03197446916089852,0.06238252951758083,0.02408164464988527,0.024354914819904483,0.024493888921782503
3.138333333,0.03683043390629548,0.026807551713983635,0.0,0.03636243579831344,0.02262213523557799,0.03119033830457907,0.03731063552445235,0.01607692548745021,0.037213596107742664,0.030044215092026594,0.02232795630546569,0.03872434210341291,0.022985546994945594,0.04218776961103021,0.03654820048943552,0.02143594454197073,0.03760481462607679,0.038935093217633554,0.015262357210566346,0.038935093395660925,0.029578405033209965,0.03617855021539951,0.04615721371749393,0.03077110519363746,0.03004421517811595,0.0316211527894219,0.03790366953872404,0.022622135321894277,0.03947214598986104,0.01538544141522058,0.02521324870127062,0.03936355334822972,0.022562680998605256,0.03760481453998743,0.031885401942103986,0.1001499452178507,0.03197446906990864,0.03233577015115019,0.032519500061019
3.313055556,0.0292758073480468,0.019988569385369637,0.007916146753233821,0.04357980463399347,0.04494885942459126,0.04640672316267036,0.03711705998803261,0.01603189184657028,0.036925482820163946,0.022503538195341122,0.04425374613236732,0.03841245880230826,0.01526235729780101,0.055703660750554995,0.058107279857190886,0.021329429542741085,0.04471474123041075,0.03872434201332142,0.030443746801851912,0.03851586028233278,0.05129918809196221,0.07154585691553983,0.038207312636881596,0.038207312724350295,0.03731063560853087,0.04704246013748259,0.03012328035956857,0.022503538366844378,0.04691392306038766,0.03060655077012786,0.03337280059229286,0.04691392297076513,0.029887323551110345,0.03740818244271926,0.03947214607897909,0.11342377146753391,0.03179682946424878,0.040136495431450925,0.04036294294909615
3.487777778,0.03636243611048684,0.026558754141968066,0.007916146730579943,0.02159772680598948,0.05946572866886157,0.05377821760235868,0.051430900427852144,0.015987109838380142,0.044026794827160654,0.051830127088945854,0.06595725252478424,0.053348539744645596,0.022802393301684987,0.06895960715020122,0.06463302832981688,0.03537356806157588,0.05915839029542491,0.046033462622814714,0.030282665849272306,0.046033462622814714,0.06545435779196795,0.07101320265868516,0.052925673747910906,0.045545023190866285,0.04448304932214109,0.05450993798228554,0.044831494715077636,0.03731063567326265,0.05436200522522805,0.04566615870593349,0.0497696930384417,0.05421487325879193,0.04459859438113778,0.03711706013739757,0.06272437889339022,0.12589002354129342,0.039472146056887425,0.055723030505014925,0.048096682047636286
3.6625,0.05052286720209187,0.033007115847252244,0.00789430905669164,0.042926083150123695,0.06612660583651975,0.053206835581040224,0.0656211350835414,0.031796829555747586,0.05810728002516452,0.0664679350569859,0.06512333366106171,0.05292567374791224,0.030282665849273194,0.08157374795155192,0.07801855552856951,0.04915899173685068,0.06578876447867898,0.053348539744646484,0.037604814689967014,0.038004346315760884,0.06463302832981732,0.04903864559079141,0.06751339854417715,0.060090086422360134,0.058703293714703175,0.06154398958182794,0.05931166133268695,0.059158390295425356,0.06137897962253369,0.05278620423780911,0.057481980073311956,0.06137897962253369,0.0515632908522603,0.0515632908522603,0.06204438626394104,0.15862265344625381,0.06255298714235469,0.07085689901726466,0.06341944244176467
3.837222222,0.057235612269942227,0.045892842725571814,0.01576690059198471,0.07083740943077688,0.06545435779196795,0.07511416056435039,0.07190542161666658,0.03958133942590791,0.07899758192145923,0.05810728002516319,0.09266540092146824,0.059776277190875415,0.037604814689966126,0.09383415128211547,0.09085478066602226,0.06259099320139194,0.09359804838042951,0.06769084844253381,0.04483149471507808,0.060248229895543126,0.09197802329859472,0.06929358453498402,0.08124039099813496,0.08166192868396083,0.07979867463434509,0.08361428118496539,0.07319287007936959,0.06595725252478424,0.0833927550082878,0.06716127540103978,0.056991347388374525,0.0757103739695757,0.0656211350835405,0.0656211350835405,0.06137897962253325,0.19598655901123996,0.07734755224186429,0.08542978336688334,0.07840723942978034
4.011944444,0.08458798704402737,0.05203207360661688,0.015723584667897583,0.09085478037013095,0.08585699580289363,0.09626239482968746,0.09917723483168839,0.03925555666897429,0.09197802299909741,0.10746013035373947,0.10535000245515924,0.08124039072665701,0.03740818252970213,0.11815975179524241,0.10307303404769375,0.08235633713892687,0.11334888467690618,0.09651215000658375,0.06646793474193702,0.08187434207901667,0.11141787638840128,0.08215928538686823,0.10195376734338168,0.09503276260008375,0.09991935936881413,0.10461633094720835,0.09383415097666026,0.05796016275229254,0.10434383213448761,0.07375885654604097,0.07224834461864571,0.09701556899092179,0.08628850329325344,0.08628850329325344,0.09803832980386451,0.23552412053140648,0.08383698723385535,0.09934751414978571,0.10014994512943742
4.186666667,0.11795281430982252,0.07700066020604401,0.023488656210869596,0.09631580493962488,0.12658165163331025,0.11622654119146159,0.13183426661137165,0.054509937869408276,0.12474210636746585,0.14030678686270015,0.13694886824373098,0.1088224356543348,0.05183012706665835,0.16027061467287762,0.14093208692486625,0.09472163286149105,0.13151532892075446,0.10937707947453257,0.08760945053301983,0.08805880049230463,0.12932526150002843,0.1074937723720204,0.11419710563675833,0.12179221924464834,0.11223733475311182,0.1317632578983674,0.12028630687361774,0.08564285689940077,0.13142700881149771,0.09430994882562427,0.10292093413448855,0.10993740683543107,0.09917723490303532,0.10613151591099435,0.14070626825339572,0.2893052625895023,0.11223733488182353,0.12720695163142315,0.12114762283314251
4.361388889,0.11570814838449817,0.08258488282612353,0.023424566413880132,0.10800093872102634,0.1510112319315171,0.14204827675489184,0.1624086963375766,0.0617098891858201,0.1558225364263337,0.1305677100042133,0.16739772998539504,0.12815657365830946,0.07338056464660081,0.192716104724159,0.17031069903749163,0.11925413929479456,0.16202545203296426,0.12847627334973666,0.0933631307529863,0.09383415128211547,0.1529254880800459,0.12544573412412818,0.1396220916004367,0.15396640844281384,0.12354516606710986,0.1570395843118173,0.1453647186483087,0.11251317345550538,0.16356938798531395,0.12118535165232736,0.12410335851592436,0.1431140813177767,0.11114737688106935,0.11795281461459206,0.14456028992380165,0.2943940289100282,0.13210123255862216,0.1535371771208358,0.1403430099109051
4.536111111,0.13929838986169907,0.09342566006476893,0.023297430316848722,0.15792614967800445,0.18640817815080712,0.17934498040774605,0.19019339585398232,0.06859227704017057,0.1838411508078055,0.16623053683571953,0.19386769397995707,0.15247449924525514,0.09383415128211636,0.23911064298098728,0.2022340734388357,0.14911359356288978,0.20868908107370698,0.16674727306288384,0.11279037116662982,0.12720695187482756,0.1929957163535061,0.16027061503413265,0.1829392007910493,0.18337351697748705,0.16700684812027822,0.20695896821763737,0.17471109116886874,0.13727740878326777,0.20646103847391162,0.15284475875000236,0.15881324314177814,0.18109158990526097,0.14260456734540572,0.15545441534951943,0.1751884268845343,0.2960000910709626,0.16397700642034163,0.18423146488325814,0.18654175507422144
4.710833333,0.16838298868332746,0.12856790895013326,0.038619819696052105,0.19831897982008995,0.22493949925193224,0.21355809272189408,0.23360781838476985,0.11223733455090734,0.22804243049856288,0.2321557717020588,0.24899917052789977,0.2016104760338795,0.12058450217101502,0.28038908542265495,0.2553514155608392,0.1700511233996349,0.25118616742720334,0.20208524761102442,0.13793924179732198,0.16554119570884263,0.23602098413414963,0.2295538960530008,0.235339549307354,0.22905703256236842,0.2010163435819452,0.23332820553742106,0.21448312229212219,0.18037591586995472,0.24496416203747895,0.1890479348077978,0.18373993944074396,0.20208524761102442,0.17829410137577506,0.19698268719307022,0.22362997769634863,0.3402940735888924,0.2007809243759069,0.23234066486497795,0.22183966387467757
4.885555556,0.2000244693705593,0.1492353351199629,0.046033462490022714,0.23348574446024406,0.2586507320381748,0.24955629825607994,0.2779345558887325,0.15393054709072418,0.2669607023219842,0.2533024575548595,0.2965056820985166,0.24562255064904193,0.13860748916466026,0.2784768332790266,0.30089839705667987,0.21883410983000529,0.30402329167968256,0.2456225507234051,0.1677904460185884,0.2066374481937756,0.2896641472138486,0.27331445846667735,0.28703238010333276,0.26975590190806154,0.22456106143759857,0.27274773220673687,0.25551040274173076,0.21303093338733614,0.3021725166994633,0.2212403516430954,0.22622620353888268,0.2518099806505574,0.2229357787614772,0.23360781869237002,0.27212972427956794,0.37660564827403586,0.25188480714594297,0.2808465526931223,0.26516040496850124
5.060277778,0.26415837591788427,0.17982052694781614,0.06072769462285521,0.2766782339573759,0.2822838874996396,0.30472220185721355,0.2826516714279521,0.170897651191793,0.3002906326893393,0.31078476549478906,0.2835669713616362,0.28980437990967367,0.16858143478184395,0.2851092431414961,0.29277065332575725,0.2738592826105688,0.323666814214463,0.3138393034007243,0.21399686409026986,0.2745749234904973,0.2673227353971772,0.3050835029394774,0.32027384646008294,0.31531200601240994,0.2744550123839835,0.31492130731358725,0.2914720212099309,0.2656760193325174,0.3236310999200813,0.27393540036983355,0.2908107291218478,0.3021589393550781,0.26283661986368045,0.2779345565841935,0.30281206238888014,0.4448246493232746,0.3041818534382621,0.2988820259153906,0.30350910933448416
5.235,0.2705515044854754,0.2236829750520697,0.08251826616504276,0.2754284684598154,0.28556605297856974,0.29107235380606444,0.28476176148017984,0.20646103847391162,0.3020878601280841,0.31330941075625796,0.2890885920487243,0.2996497895071144,0.20868908107370698,0.3474452256764513,0.2971111107979456,0.30501774806032,0.3206730306913028,0.31078476549478995,0.2733402754499119,0.33348309940778864,0.2630201950808191,0.3009419037932577,0.31454054571027634,0.3170321015856208,0.28526439428243155,0.32020266822833365,0.3211153948320553,0.312064929232724,0.3164055156220811,0.30276073493466993,0.3332791715799934,0.25414516306125967,0.27441846460225205,0.28265167142795233,0.2990352634392748,0.4217293918167988,0.29515638520071374,0.28966414777904403,0.28881820936881275
5.409722222,0.2575885281306307,0.2783643885097049,0.09601392938796582,0.272747732696317,0.28747385361988065,0.28585671218538855,0.27224835476672404,0.25130233865420104,0.32117664731160644,0.31038552055453583,0.3597651361972727,0.2897563130383414,0.25063582293713926,0.4127969733711008,0.38278108701081304,0.30039708033263723,0.4001881105036742,0.2985930057274675,0.3021333841448566,0.3112339929403434,0.3760093721617317,0.3287096450595004,0.35322221574576873,0.32451220357033095,0.28667825707608974,0.360537947061091,0.3608376930786199,0.29146036035239353,0.36150893112892013,0.3092164786522247,0.30472220185721444,0.24118569149942615,0.2674335524908569,0.2899695613128366,0.32661385387153063,0.2379030534627966,0.3075142677465137,0.3344289547190833,0.3069029489379942
5.584444444,0.3168469479629974,0.28153639852807677,0.1300990033530396,0.35723165930079226,0.36475286511078275,0.3191665964851127,0.32951882195387694,0.3021725162847866,0.3938290614287123,0.38609661637665615,0.42946820714749334,0.3463401236688324,0.304023291224369,0.44704940971821716,0.43971579579320763,0.3182927547986856,0.4912490803812464,0.36959491178115167,0.2872536300678159,0.31407242392317536,0.44990890281590357,0.39928925247252134,0.4380896093398836,0.3901519839541845,0.37600937068838713,0.4403578140732416,0.43884594152370426,0.3364380887148588,0.46320527334033623,0.3545301547011084,0.3310014918348434,0.33076716771305725,0.29091081591444246,0.36076113772894236,0.3946243053531182,0.14636807615619196,0.3649029826075578,0.39334712060520105,0.3446789748655914
5.759166667,0.40950956804822236,0.2629927692547085,0.14860047614940886,0.41256855804475534,0.4877799140201806,0.3951740145863891,0.44754466117514324,0.32295402331269085,0.45230919275612713,0.4638313670580181,0.4930341011446583,0.41374596422724563,0.3015086291763909,0.36820972535190133,0.4574888605730506,0.4051703933493287,0.5155156856405465,0.4283502847136529,0.29869616225968043,0.3875808383522594,0.4930341011446583,0.44998937949117934,0.3759185944929866,0.3808672039161187,0.48201263336121536,0.4997533519843578,0.49754822473611626,0.40203919375660013,0.5606032572634914,0.36005772859978236,0.44360729839986845,0.4148836263376041,0.3827896241677111,0.44707091017643563,0.46716989234295636,0.0922557252035191,0.4023012889306876,0.429081502030777,0.4109463374815281
5.933888889,0.46630700052219876,0.30491916892041004,0.17140962636415225,0.453940737147007,0.4585026677181574,0.5027048086112393,0.3861868219565927,0.3110515660374322,0.41767415430156185,0.48054849683655987,0.3150618206201228,0.4262647911785207,0.3105431609340259,0.2308757085077795,0.3057513074039564,0.49178134000224394,0.2912700317820529,0.4130885060952989,0.37608962170164606,0.4234931608172585,0.3501749632168739,0.44682939990364645,0.31516825149603456,0.39262642136466464,0.4809848837317128,0.41383515746757116,0.43982431451203163,0.4784376864648696,0.34664655688421797,0.4031986129951399,0.48468143754061677,0.4726253242814773,0.4803764901707721,0.5047491480682129,0.427239018750746,0.023683047322565987,0.44688285487601753,0.4016585757904405,0.45414826613648285
6.108611111,0.3741646259015807,0.4070268140408888,0.23170796938945548,0.39534278152900704,0.2805029819366366,0.35924950904006137,0.2610753090969271,0.3658188696509508,0.25596360705602417,0.29003893465906005,0.17867066428674572,0.3492613390723738,0.3645227187033304,0.1464096884592858,0.1819962721197821,0.44918395972786573,0.14073580448402834,0.31638861527412543,0.4186119505473038,0.4533688811332732,0.22350215900182402,0.27979028778844195,0.25370678492095167,0.29268987066916485,0.3166900197947333,0.24404141821813763,0.26779177224396256,0.49226872571717006,0.14020856259711434,0.43508277619726776,0.3969394368280661,0.3417073398465178,0.39489244157713466,0.36706474438082415,0.26303612195616544,0.10463657306042373,0.36093576708952546,0.23044991986013108,0.28418347660454946
6.283333333,0.24795456946886174,0.48277178733594406,0.2727477318439715,0.24361246766132139,0.16689809009013856,0.18883930953148131,0.17324980175284643,0.4776439455848094,0.17140962573540364,0.1635693872903078,0.13793924244151434,0.21724000919744402,0.4149166267190916,0.06115713430604819,0.12687514320213644,0.27922620760142447,0.14255114524760237,0.2235240600213637,0.40668878373088546,0.3217824744401123,0.1657228121882508,0.16588782148594305,0.16674727250861499,0.16628574755141912,0.19071988245715532,0.14095963996015404,0.16008271607111746,0.2757977572377104,0.1453742243806776,0.2561947628655259,0.18070527904088451,0.165941277746797,0.24438898234911155,0.20365311754326265,0.17029213120374564,0.175337814895423,0.20776067257392838,0.13312564058062715,0.15175966205184577
6.458055556,0.1437944736398622,0.3491411066650276,0.2842868008110466,0.15350847209332708,0.09145977471040567,0.12195968137429702,0.08072447843430741,0.5258912699507625,0.11620750685438319,0.11635995207151872,0.029965563917221938,0.14252000042137936,0.44791357559495837,0.035461237157671466,0.02923841737388555,0.17283351083212095,0.03687789682263687,0.14212667970059523,0.29888202445065015,0.17372802515913277,0.06595725229194516,0.11607919159974045,0.12079702308751794,0.1206327363995231,0.11822099613381121,0.050240193079089,0.09383415060359179,0.15184915878922622,0.03882943124631566,0.13404281820553698,0.12233088969309813,0.0733805640627293,0.1500261285032034,0.11885464590663586,0.08387954163219946,0.03404556523960278,0.13725803860866603,0.08641258867533164,0.09560621857668972
6.632777778,0.04560551050802408,0.21392411544371448,0.29302596617935994,0.05506940723495091,0.033733418729193776,0.034781207311692874,0.06048701209087304,0.2887819278682213,0.036735873129751906,0.029426328368191146,0.07385404003124652,0.07403002228994393,0.3155193569769067,0.13215475551633138,0.06495907405557932,0.09545727627218059,0.025502137617512743,0.06187668564896587,0.1892712951662927,0.12376783931301116,0.09359804838042973,0.039128685932719565,0.045910373211072164,0.03440945527467498,0.02623698342984504,1.1102230246251565e-16,0.022155092995599257,0.08632623108923221,2.220446049250313e-16,0.07797989899468938,0.11305859644891592,0.008049752757307238,0.050308135152691946,0.026340483836886364,0.015702015901157607,-0.06733687661719989,0.05163486071604262,0.020252633846669976,0.012290721333892085
6.8075,0.0858756676336424,0.13945196079462868,0.3261611846678998,0.04341451486293102,0.09951485786567615,0.06850105518898086,0.12605314622443853,0.1531971938892478,0.08326806305086443,0.0833735473269327,0.1310924721163811,0.049769693038442586,0.2039323310044978,0.10042031119335831,0.11754684484522959,0.03817950797802416,0.1078652269993654,0.06097030026859085,0.11587353025632019,0.0531362654284141,0.13444256942941257,0.09096586877450763,0.09383415128211592,0.07892212548854127,0.07375885675439542,0.0756103486207923,0.08010328942837086,0.0036948813632300403,0.09109581542870626,0.011531319370473914,0.020572951425918973,0.06761766798457136,0.026798585846289358,0.0336013866532765,0.085314007693023,-0.03785353101092992,0.035257348055133586,0.07994053936526202,0.064673604932866
6.982222222,0.12179221947737151,0.03414939352995633,0.387580839302468,0.10004412839787336,0.06993533790375872,0.08328243154925286,0.0738540400312464,0.16721136775562273,0.08628850361886886,0.09005416530427868,0.03262247736503521,0.09829739921301406,0.13812421916725237,-0.02389017634938062,0.024868929356842817,0.08563431363308022,0.053893969861178226,0.09037651790594503,0.037903669603116086,0.08576376075166725,0.028194171096941223,0.08012545336207488,0.07861238550809801,0.08610035987101083,0.07366391852018428,0.0379539411947567,0.04742225516472176,0.05855314692409341,0.04183268831584108,0.06841007566156765,0.06494883533982332,0.09487118163166597,0.0757103739695758,0.08487889780523383,0.05044457104979305,-0.007580627527667638,0.08149078037983604,0.05199571111423584,0.064673604932866
7.156944444,0.02927580776513583,0.06393213425936811,0.4637933094961948,0.032134046107930914,-0.03278860420675844,-0.007530754598482736,-0.0328304007086313,0.0621285778861812,-0.014308455533671438,-0.010738043100528949,-0.053893969808475384,0.030202763299457147,0.045066840305613254,-0.0273520382713745,-0.049279930054986654,0.03427208929808784,-0.06062363602963916,0.018789859222711147,0.082087863480239,0.063223687696214,-0.059365946762219735,-0.027682781151368685,-0.029693497994234153,-0.011142201552785558,-0.029275807139270027,-0.05651964913735119,-0.05071473602758847,0.03304099211081202,-0.056594169020042884,0.041888356224469736,0.04877990668534771,0.023488656389872187,0.030322776478036273,0.014808236529603058,-0.05010485934267228,0.0528558466634782,0.011656575525224255,-0.047695857500501315,-0.032154104503271275
7.331666667,-0.025405108373606433,0.06710003069939574,0.39995468284271785,-0.03532989561717048,-0.021900758885766924,-0.041338259506114916,-0.01828559060997459,0.04983636704904015,-0.04281903127634157,-0.032094002112272646,-0.018077667152803345,-0.044948859254884566,0.07029703077724547,7.855405215195788e-11,-0.014184342308747544,-0.05450993782778146,-0.043033671081371905,-0.04859934919585562,0.048535941488984324,-0.018426884145121725,-0.017588778134722816,-0.038041088472582696,-0.03716526523226782,-0.04085538213282636,-0.04397042002009721,-0.03413581471437066,-0.047422254967445565,-0.054858265468113565,-0.03036299251098873,-0.03780352478362092,-0.04449352866149381,-0.019507132205133337,-0.04139261812923145,-0.04397041989354067,-0.030937438545748486,0.026444803667807104,-0.0501724350144469,-0.039912574466976936,-0.04430565238595163
7.506388889,-0.003643138898491549,-0.003329477069316522,0.2588125423575728,-0.014237269258496998,0.0,-0.015121225240041891,0.007328263206478947,0.05327759343648464,-0.00718114609779219,0.003583826665350842,0.0072447765739256376,-0.022622135343245864,0.03702102366440674,0.04093064129624896,0.00709216030479265,-0.0377219810713727,-0.010832890734075673,-0.018789858827718664,-0.03329729481332844,-0.014750987394907655,0.01056623434862003,0.0,-0.0037334450413093467,-0.01492407668415574,-0.014750987394907655,-0.0038079649241901103,-0.02569843636599456,-0.04413997873044362,0.0,-0.02658518991102521,-0.044683004894337075,-0.011720228880608863,0.0,-0.00739453956213143,0.0,-0.045244977558270505,-0.023360825388200834,-0.01607692553332818,-0.016213557356422936
7.681111111,0.010915532185341359,-0.02330646568152578,0.18468893194813918,0.0,0.021900759073786413,0.003782796609339667,0.04369069931696634,0.003797857515979053,0.014344316842377025,0.010738043437172107,0.0503324445498623,0.0037728221921830007,-0.02201307176357814,0.040833299959975755,0.056320346114487885,-0.01379128075634517,0.03590618270665269,0.007530754920390015,-0.018570378070597693,0.007384998210163807,0.05244530202221509,0.02081234786803421,0.029770725903675133,0.01120034783307744,0.011056106031677615,0.037903669603116086,0.01833244718125071,-0.014808235983908014,0.037903669603116086,-0.007621003753843225,-0.008164585333645835,0.015616329166928233,0.015121225240041891,-0.0036948813632300403,0.034781207311692985,-0.03404556608673981,-0.0077975122311151335,0.008027172776020941,0.0
7.855833333,0.05774087842240894,-0.0066705979921396485,0.08648608071303165,0.04952360035737169,0.04724159057835253,0.05257837245558439,0.04357980496761016,-0.03032277604672151,0.049893658431718335,0.046185866058475744,0.035951292346780406,0.037604814496857486,-0.011056105978891506,7.743961027983914e-11,0.04218776989151951,0.017208020505861787,0.04664919333916129,0.0374571473449028,-4.262457053982871e-11,0.014750987352803557,0.031466617759834725,0.05168747144047647,0.05183012694196787,0.04085538209020201,0.05492846568299048,0.052855846923112404,0.040280303372450366,0.01109898682617727,0.04536452014841952,0.01142390815996397,0.012255629886615438,0.06196042212542063,0.033733418439590324,0.05136495943453889,0.05773602456010207,-0.022893603692857978,0.03882943151102869,0.04796232724732019,0.052361640354886
8.030555556,0.05039575867953938,0.013341213992196177,0.023234378324170857,0.049340622306447424,0.014507940676817044,0.04500777220304564,-0.0036155220120110965,-0.011408726846420136,0.024930831307636958,0.031974468805614054,-0.0214627397236965,0.04489010020575446,-0.003685364528537405,-0.02374856133463893,-0.013976512365012406,0.04458077905402574,0.007127488600360832,0.03735934522197604,0.022270036290604422,0.04391418994519947,-0.02086292504307885,0.037767239425035015,0.018450645351309247,0.022270035993775528,0.05464873652532665,0.003762900033434713,0.0036524383971310304,0.05149701052721012,-0.003767854822754657,0.04542452864415569,0.05265811406316445,0.05017243492483947,0.048599349150939664,0.05129918771520103,0.007672082687657844,-0.02676278212819516,0.04646952234755464,0.015987109519146725,0.0363009330616747
8.205277778,-0.010738043437171885,0.05948289668567297,0.0038697574771393572,0.003504820056306146,-0.02170694517969385,-0.01866728875255319,-0.02534083165944534,0.011408726944364567,-0.017719469730418824,-0.021223967879282157,-0.017919189534964297,0.007462025657735238,0.007375481449350074,-0.016983344911371934,-0.02101614257103046,0.003429221762383694,-0.010697901125041431,-0.0037237288510779676,0.051629741994578815,0.02563266853376256,-0.01743872074361197,-0.013692299893416582,-0.022098065161712088,-0.014789103810855186,0.007244776573925749,-0.022533070896116225,-0.018238973266068492,0.029388553212928548,-0.030162969297151898,0.022711906662154613,0.032427374949335674,-0.011515851428804846,-0.0037285806164252255,-0.010929428504507399,-0.022954817345944845,-0.019218911849223086,-0.01159360890905603,-0.031885401941722846,-0.03210900691124685
8.38,-0.025086944041332604,0.056016352415176496,-0.019348858149376813,-0.017524152853691133,-0.021789586630959423,-0.02992639265988184,-0.025437369429877066,0.04161148981527818,-0.024930831643216855,-0.024838093347172463,-0.01439844656785294,-0.02235702948189844,0.05478824434946583,-0.013659621249143994,-0.024624364019129485,-0.027352038271655332,-0.02143594456221376,-0.02610024155029622,0.022098065161711644,-0.025534645553537905,-0.013993598633927018,-0.027417553136881323,-0.025864342015585406,-0.018546307418420782,-0.01810053610973672,-0.01886417653889727,-0.014637807968039707,-0.01828559076695757,-0.026514811166349794,-0.018839338733906086,-0.02013861385238158,-0.02690657367667393,-0.03355760534089103,-0.029201122952298708,-0.019218911849223308,-0.027015435332224058,-0.030895687070139233,-0.02803632855866267,-0.028194171096941334
8.554722222,-0.014380357990963155,0.0,-0.02329743031684861,-0.021093598342029618,-0.010915532185341359,-0.018789858827718664,-0.025567236472547328,0.05264746787536889,-0.017829872123066526,-0.010671305908262263,-0.018032102627246638,-0.018691674672083658,0.040228825301431015,-0.01708473861585802,-0.02117162715983767,-0.024091298660326665,-0.01432636393023945,-0.02244470500445539,-0.010985369414446056,-0.021956771794202967,-0.010514470683312127,-0.01720802069313143,-0.018546307418420782,-0.014865930668807592,-0.021789586630959534,-0.018914049146175116,-0.014675340973283602,-0.02201307176357814,-0.01901458968015113,-0.011333421618507478,-0.020224007977338032,-0.019296669329474714,-0.01871612438802983,-0.018308988995285214,-0.019270680352680203,-0.015468606411461416,-0.019427672839709476,-0.024149385662759704,0.004033383639184707
8.729444444,-0.021679537013404637,-0.019645513341965903,-0.019480573616654784,-0.02117162709902709,-0.010957327466409539,-0.022651980052166176,-0.02198488571365831,0.014982679475011973,-0.01434431671923031,-0.014290592462861462,-0.014471258196527392,-0.01876521613784421,-0.02543736933596863,-0.01372513519207108,-0.017719469659277842,-0.024149385652648903,-0.014380357908581609,-0.01878985875227035,-0.011027702254458815,-0.014694179705734944,-0.021119543821679132,-0.013807916825587463,-0.018618707231796594,-0.011185754455407482,-0.01821575350641691,-0.01898935439578131,-0.018403183724590044,-0.022098065098230535,-0.019090699265015276,-0.018964186037674136,-0.02435491474991125,-0.011609286572957234,-0.015041743970935828,-0.018403183682513036,-0.019348858071678854,-0.023360825187646928,-0.02731008655458611,-0.02831372419433298,1.387028270016799e-10
8.904166667,-0.02897933834254307,-0.026284319892946828,-0.003901411866582327,-0.021250235346933266,-0.025632668481689103,-0.030322776004225283,-0.018403183767046305,-0.022444704983269115,-0.028760897468683377,-0.02146273964180412,-0.007244776511728723,-0.022592369001880774,-0.021872859641710596,-0.020637242396670197,-0.017763466142039497,-0.013858066840414462,-0.01800940624092573,-0.018839338658599436,-0.0220980650987187,-0.018426884102990537,-0.02114555334888868,-0.017312123055206574,-0.02241540345926729,-0.014943559858822897,-0.02195677177347255,-0.01903989197247502,-0.01475098731056379,-0.018474468339420125,-0.01914177843977871,-0.026620519478651405,-0.020367952224241037,-0.015531572553480588,-0.030202762828125285,-0.018426884018565293,-0.023297430250449946,-0.04691392297296626,-0.02742224468123966,-0.020281340740051834,-0.024286017416650374
9.078888889,-0.01819259285595165,-0.016474917226234842,0.01170425033721556,-0.014201940901738985,-0.02204133015802745,-0.02665594326790177,-0.02586434201558563,-0.022503538388535804,-0.02165219826278264,-0.014362314806020349,-0.010901671158542348,-0.022681903829098182,-0.018308988995285214,-0.010337224551533186,-0.017829872123066526,-0.013891703096581942,-0.014452986369611676,-0.015121225240041891,-0.014770021011481616,-0.018474468413271716,-0.014166787438910311,-0.013874864602573256,-0.018740638151068856,-0.014982679346720484,-0.01833244718125071,-0.011454392417403758,-0.00739453956213143,-0.014827417722508063,-0.015364789760566766,-0.01909069934167429,-0.01635253145830129,-0.015552675337304644,-0.026514811166349794,-0.014808235983908014,-0.0155738355441849,-0.027497530069863885,-0.01966801706471577,-0.020396987408482614,-0.024389510287886274
9.253611111,-0.018262252266688206,-0.016551146301381103,0.04262575411397995,-0.014254999430479254,-0.014750987394907655,-0.01911620480757703,-0.018522299085738103,-0.018839338733906197,-0.010860298492974874,-0.01439844656785294,-0.014544810057033897,-0.015161281652986358,-0.02204133015802745,-0.006912286496687514,-0.01429059258554699,-0.013925502994040828,-0.014489576364667411,-0.015161281652986358,-0.011113354620677973,-0.014827417722508063,-0.017741440695292154,-0.01043776920672257,-0.015041744057110118,-0.01125910390732865,-0.011041885924303108,-0.011485039703360234,-0.014827417722508063,-0.014865930668807592,-0.011546828920762753,-0.015323652241727936,-0.02051396037824116,-0.015616329166928233,-0.022863119361768547,-0.018546307418420782,-0.011720228880608863,-0.015810455787272026,-0.023715759088074995,-0.012238159285944405,-0.020396987408482614
9.428333333,-0.021984885671689103,-0.026558754065613033,0.0578137888018363,-0.01785211786605767,-0.01849835275656664,-0.02690657353338255,-0.018618707189227424,-0.02268190376393253,-0.014526352013713217,-0.018054856147414755,-0.014600466375326526,-0.015221765686811328,-0.022126542269804372,-0.01731212301528562,-0.014344316760202092,-0.01395946772998169,-0.018169490922471665,-0.019014589603798426,-0.018570377996032672,-0.018594511210570985,-0.010671305898032446,-0.017438720673600527,-0.015081379886286106,-0.015061535830633743,-0.018450645519725972,-0.015344193384857707,-0.018570378038546553,-0.014904644161962466,-0.015447730909210589,-0.019218911772048375,-0.020572951390391836,-0.01956046722567739,-0.022924169709666153,-0.018618707231796594,-0.015659055269717004,-0.027764315436137776,-0.02378145444376567,-0.016422915579064723,-0.016375925718377093
9.603055556,-0.029464200717622346,-0.019988569309457527,0.011515851198650617,-0.014326363889344496,-0.018546307344282864,-0.02697905022510272,-0.026134293123253105,-0.0189641860813774,-0.018192592783224604,-0.02173442252752733,-0.018285590693859377,-0.019065261769581676,-0.01849835275689493,-0.013874864523234498,-0.01436231472389693,-0.01399359859397975,-0.021872859683465973,-0.022893603780617555,-0.018618707232129106,-0.01864296630554485,-0.010697901114887776,-0.017481332351355516,-0.01512122519688408,-0.022651980095865554,-0.01849835275689493,-0.01153131931553475,-0.0149046441621844,-0.01869167464015742,-0.023234378324710536,-0.015406148660047081,-0.020662076862671075,-0.019641018854666514,-0.019193131727869184,-0.026168433802378877,-0.0235854512178999,-0.023880682711521883,-0.0199143824774084,-0.02463445800036501,-0.02466985291595636
9.777777778,-0.025864342015585295,-0.016725268055150844,-0.015303165977923694,-0.014362314806020349,-0.014885262265246557,-0.015489538322006391,0.0037334450413095688,-0.015221765774017904,-0.014600466458970063,-0.01816949099542331,-0.01467534097328349,-0.015303165977923805,-0.02229895868702325,-0.01043776920672257,-0.010805620963128204,-0.01402789680698635,-0.025632668533762115,-0.02298554701663602,-0.018691674672083658,-0.022474083192378203,-0.01429059258554699,-0.017545641832944492,-0.018964186157181984,-0.018939084469971057,-0.018570378070597693,-0.015426911852335579,-0.007462025657734794,-0.014982679346720373,-0.011640769481873425,-0.011593608909056585,-0.02488437609142169,-0.019695089566059032,-0.02697905036818693,-0.022503538388535693,-0.023650425673654052,-0.019997881648758487,-0.0199699709103468,-0.008246937172333046,-0.020602574361875403
9.9525,-0.018570378219727846,-0.01676446052918107,-0.007672082972429606,-0.021624928438665925,-0.014924076769794459,-0.02332908500752362,0.0074913266250759,-0.019090699494992314,-0.018308989142311716,-0.007281645663914205,-0.014713067035973304,-0.015344193516941607,-0.03360138688944059,-0.0104504749996025,-0.01443476066719318,-0.0035091177129107365,-0.018355965534815333,-0.015364789760744069,-0.022503538517838373,-0.018765216191938938,-0.014326364012439918,-0.01758877834642092,-0.01901458974579484,-0.011393585948159979,-0.018618707370825938,-0.011577973454308998,-0.0037383222395298565,-0.011273889481841048,-0.007786903491537878,-0.019375058719167004,-0.016637751623523434,-0.015810455878011,-0.030979303729368968,-0.01128871374638818,-0.019804129151233196,-0.02005393790609078,-0.02005393799791122,-0.024848363849045763,-0.008270772331406162
10.12722222,-0.022357029737813727,-0.016823594903315864,-0.01538544163524369,-0.01805485642657456,-0.014963094226936757,-0.023392652747767695,-0.018716124602268458,-0.01914177873540268,-0.01467534114126845,-0.010957327685904406,-0.014750987563758367,-0.011531319502469994,-0.030004838456225813,-0.010475979671278113,-0.010846577423812565,-0.007039819665930924,-0.011056106158233936,-0.015426912028923545,-0.015041744229289056,-0.007530755006592615,-0.014362314970422174,-0.017653882335958992,-0.01526235751629812,-0.01142390838880536,-0.01869167488604251,-0.0038697575214351465,-0.011229649142891707,-0.015061536089326921,-0.019507132461737853,-0.015531572731176113,-0.012523806645196256,-0.015854252468905705,-0.031147902076860468,-0.015101276474290937,-0.015876241836092708,-0.012066153861068352,0.004005158457874636,-0.029052891681486948,-0.012433119851645191
10.30194444,-0.022444704616558564,-0.013482640963128123,-0.023140437429817973,-0.018146446796685867,-0.015002315717009607,-0.015659055044557002,-0.022533070506682407,-0.015364789495571407,-0.011041885523514927,-0.018285590660696793,-0.01849835229983532,-0.007703060287859165,-0.022622134952262507,-0.013993598392676443,-0.010874054050929893,-0.01761042604711416,-0.014770020756788016,-0.01157797398442928,-0.015101275609134546,-0.015101275609134546,-0.014398446319593416,-0.017697553013216627,-0.015303165713995925,-0.011439130049648472,-0.022503537999615575,-0.007744754846265689,-0.011244357192267795,-0.011318479713114615,-0.015637663234126742,-0.01168831487834654,-0.016735048680652564,-0.019886703631996516,-0.023456567588068467,-0.022711906269609172,-0.015942576537406272,-0.016144951636454352,1.8377029897820307e-09,-0.02087306946305989,-0.020782118468134048
10.47666667,-0.018765215677882807,-0.010141836570880358,-0.01934885759747118,-0.01452635101611588,-0.015041743799972807,-0.015702015632784838,-0.018839338196487976,-0.015406148484794602,-0.011056105631459201,-0.01099944383555429,-0.007404104625209684,-0.011577973543257847,-0.015121224548545142,-0.01051447030267505,-0.007253958270360017,-0.0035264140967357083,-0.011098986562153135,-0.007744755289826655,-0.018914048606632483,-0.011333420775257674,-0.007208278383927347,-0.010644842210950745,-0.011500424512261631,-0.015303166153972647,-0.015041743369243354,-0.007755249107462503,-0.0037530300531317673,-0.011348403070081448,-0.003917433883963373,-0.011704249913568776,-0.012578855922378729,-0.015942576539312636,-0.023585451287617354,-0.018989353930348396,-0.019969970340784404,-0.020224007400554744,-0.02008208291221436,1.435662033699714e-09,-0.02084266414437641
10.65138889,-0.015061536089326921,-0.020343819690209874,-0.015531572731176113,-0.007290921780866544,-0.018864176754830764,-0.019695089791503917,-0.018914049362679375,-0.015447731174539236,-0.011084656535948367,-0.011027702475363332,-0.011156681776528732,-0.01159360904176554,-0.015181389721619865,-0.007022544017488808,-0.014563315150961653,-0.003535127381030234,-0.014846649389465227,-0.01940133025261126,-0.018989354689398663,-0.007580627614441227,-0.007226481746838265,-0.010671306030413996,-0.01538544163524369,-0.01532365241713396,-0.011318479821650684,-0.015552675515332126,-0.007520859127904567,-0.011363424267081479,-0.011784581860617038,-0.011736251245590412,-0.016833491192667527,-0.0119986978760801,-0.007861777612311549,-0.01906526206402459,-0.02005393806639122,-0.01623655561927906,-0.016144952561466308,-0.012597314184302766,-0.020934147861596752
10.82611111,-0.011318479821650462,-0.020392142710777383,-0.019480573873274287,-0.01460046662609793,-0.01133342174823837,-0.019749459000386826,-0.018964186374260117,-0.01548953849931134,-0.011098987090968793,-0.01104188605069667,-0.01859451149807967,-0.007744755068196163,-0.022832716216074855,-0.007031171230116429,-0.014563315150961764,-0.017697553318589465,-0.011142201945271268,-0.019454087504786166,-0.019039892266526248,-0.018989354689398552,-0.0144712584036929,-0.010684587089292097,-0.01540614892448322,-0.011531319502469883,-0.018914049362679264,-0.015573835722454521,-0.015061536089326921,-0.011393586056727245,-0.015723584892753717,-0.0156805063621146,-0.025324813515369193,0.015942577450810957,-0.003949876749958614,-0.02295481760870255,-0.020110309402710302,-0.02445899719697464,-0.008072460221834943,-0.042022564968900555,-0.020995583915584426
11.00083333,-0.00756663166998639,-0.010229135839329995,-0.0156163647024129,-0.010974264164101633,-0.007598738502768043,-0.011885625600019045,-0.011411778111002913,-0.019449390189789084,-0.011142547724938834,-0.00738136580623272,0.0037444993875884736,-0.011656240183953281,-0.019099879848336387,-0.01058027557979957,-0.0036611646416989663,-0.014184372544007395,-0.003732625259753597,-0.011707380967136083,-0.007625094426695012,-0.011399651173985337,-0.014519530143989323,-0.007142069168357024,-0.007730014102014571,-0.01541845739714609,-0.01897330550437082,1.2424530655086308e-05,-0.01132150659645681,-0.015233926720954472,-0.007889725512150059,-0.01178773395968713,-0.012680325505783241,0.007947580156219214,-0.02771602839740772,-0.01920236178870549,-0.012103404064305767,-0.028653962346262718,-0.008139011505804428,-0.029628175741081675,-0.01687175496333504
11.17527778,-0.018928038428785543,-0.0068298223490523835,-0.015655604925372546,-0.021994644225264537,-0.018977278211290582,-0.015873044273523318,-0.015238121448223119,-0.019492958736175292,-0.011154036629481556,-0.01476562087701283,4.7391119449957664e-05,-0.011668954728154213,-0.01915523033093469,-0.010590493343118457,-0.01095972788884303,-0.01066002130739463,-0.0149003790142056,-0.015634188192067744,-0.019106572067763117,-0.007606939294898196,-0.010913251136021151,-0.010713288105466345,-0.011597007409115845,-0.015447742534544617,-0.015221778097522787,-0.007769185344513874,-0.0075606216369386026,-0.007645274091684806,-0.011837111058763394,-0.007872613980172583,-0.012706482234953853,-0.03598362385895826,-0.04377405558938785,-0.011559092357000367,-0.012121536332204363,-0.02466980816750297,-0.024354872750349643,-0.008533096834688392,-0.016908091696575367
11.35027778,-0.018956242423558534,-0.0068325446405904655,-0.019619259343540918,-0.018335794976543363,-0.011381570413725561,-0.01989232084285708,-0.01525851003615375,-0.011704750270053799,-0.01116826634201884,-0.01850177616767379,-0.011170981027499916,-0.0038815416777309153,-0.01919761886011806,-0.0035223612909877078,-0.010970860318313846,-0.010670474737450197,-0.014919872611373841,-0.007798422737007593,-0.019121795962796506,-0.015270647362956247,-0.010926558830737898,-0.014315031365419117,-0.0077263199098889235,-0.007715878924317798,-0.015250286360088516,-0.01561287666213207,-0.007564604576662859,-0.007647423107192575,-0.011850352491019511,-0.01183020635998322,-0.012716606612634074,-0.028073696222906563,-0.01586648395824275,-0.01544776570861206,-0.01620073621048035,-0.016467766480624757,-0.016256940086462945,-0.017086315946542197,-0.01694477603175626
11.525,-0.01526235751629812,-0.010275362031024304,-0.019722236925335923,-0.011084656535948367,-0.011454392548519321,-0.015987110021380757,-0.019193131980346,-0.011752317343075913,-0.014924076854987756,-0.014865930838974029,-0.014963094226936757,-0.011704250471191169,-0.015426912028923545,-0.003535127381030234,-0.007337658509998679,-0.014290592749127695,-0.011244357300089214,-0.007861777612311549,-0.011562380380140125,-0.007651569400852987,-0.010943360376268862,-0.010764972886366908,-0.007765772068361598,-0.011640769615122615,-0.01914177873540268,-0.007840238468582728,-0.011378485173893393,-0.011469695719121709,-0.007927111027480005,-0.015810455968250148,-0.008529619581693071,-0.016144952561466308,-0.016099537546422127,-0.027125181772941653,-0.024424204459620014,-0.008270772378674351,-0.012255630085288738,-0.021308253707166047,-0.02127656827940383
11.69972222,-0.02295481760870277,-0.0171667296502227,-0.023748561615961283,-0.022212416186931705,-0.02295481760870277,-0.02005393806639122,-0.023078231940764193,-0.015702016080894277,-0.01121497941342453,-0.011171199291290401,-0.014982679518223407,-0.015616329345684354,-0.019348858370858313,-0.014166787601073816,-0.007347077850904826,-0.014308456064448305,-0.015022004316748494,-0.011784581860617038,-0.023171667097119708,-0.011515851560624069,-0.01463780813559501,-0.01079203762142944,-0.011656575184415097,-0.015531572731176113,-0.015344193604526546,-0.011784581860617038,-0.015201551024506155,-0.007661812477876007,-0.007938105647711136,-0.011882447180350808,-0.017084738811422584,-0.020252634078496534,-0.0240816449255411,-0.023329085051547294,-0.02859666445835729,-0.004138374186178684,-0.016375925952824666,0.012803982215087162,-0.021340033649074774
11.87444444,-0.019193131649029027,-0.013758128668050706,-0.01985910261077295,-0.01484664938863789,-0.01534419360364303,-0.016076925716386414,-0.019322727945370932,-0.01180078053126199,-0.007491326710098889,0.003723728147217553,-0.00751098900747349,-0.007829512870408006,-0.019401329917680732,-0.010631660524288322,-0.007356521195303722,-0.010764972372419357,-0.011288713745708279,-0.007883434752436025,-0.011609287049200834,-0.015364789935557566,-0.010985369854559446,-0.007199212181597248,-0.01168831487834654,-0.01168831487834654,-0.01154682850162081,-0.007861777837290918,-0.007610869733304604,-0.007672082796435831,-0.007949130580817587,-0.007938105420232544,-0.012842288823722958,-0.0243895098661413,-0.012134371099219443,-0.015616328897574805,-0.028760896817540793,0.008270771668623889,-0.037084990844159504,-0.004280754763191341,-0.017135890537421705
12.04916667,-0.011546828502805973,-0.013807917023966776,-0.015942576995855773,-0.007442618419477354,-0.0038437682143535046,-0.004027706513369034,-0.027161961680716606,-0.007883435203944966,-0.011259103929371794,0.01117119875792838,-0.007520858912964057,-0.003917433883963373,-0.0194805735406115,-0.007109780881789707,-0.0073659890585402454,-0.014380357745084837,-0.007540676745916075,-0.011833311615428,0.0038749976576512024,-0.0038489380453859967,-0.003671181174326188,-0.007217369104180249,-0.007797511650950328,-0.007797511650950328,-0.015426911588643843,0.0,1.1102230246251565e-16,-0.007682380907099939,-0.003977325178602165,-0.007949130581449526,-0.008580771554349331,-0.012220737456375419,-0.03242737439781129,-0.003906737367618707,-0.024740947606596286,0.016517709171359307,-0.020602571880861342,-0.02137190718460258,-0.01288082496424603
12.22388889,-0.015447731174539236,-0.013824593316366762,-0.015987110021380757,-0.014924076854987756,-0.011562380380140125,0.0,-0.023360825655606265,-0.011849645299926381,-0.00751098922269644,0.0,-0.007530755006592615,-0.007850993267344286,-0.015616329345684354,-0.007109780678330235,-0.00737548153377543,-0.014416580873220286,-0.007550625095597896,-0.00790521290282975,-0.007765772068361598,-0.00771344200432067,-0.011027702475363332,-0.010832890858077038,-0.003906738150819988,-0.003906738150819988,-0.01159360904176554,-0.00788343542923342,-0.007631165191568812,0.0,-0.011965251930753484,-0.011948598782915654,-0.012900180753168788,-0.008176249136429004,-0.03261215067800072,-0.019641019113031066,-0.024884376376266726,-0.008270772378674351,-0.004150378176417835,-0.017187350470397655,-0.012919594183632421
12.39861111,-0.007723851520330616,-0.010399836707144505,-0.020053938066390997,-0.011200347961284884,-0.01929666955035869,0.0,-0.011720229014767325,-0.015832323930309644,-0.007530755006592393,-0.007442618632184761,-0.0075406769614222435,-0.011784581860616927,-0.007829513094770424,-0.007127488743137067,-0.011084656535948367,-0.010832890858077038,-0.00377780286022833,-0.00791614682119457,-0.023329085051547183,-0.015447731174539125,-0.01104188605069667,-0.0036155219604352418,-0.011736251245590412,-0.011736251245590412,-0.007744755068196163,-0.011833312179192368,-0.01145439254851921,-0.007703060508592929,-0.0159648126810632,-0.011965251930753373,-0.012919594183632421,-0.008176249136429004,-0.01635253164548467,-0.03144740713457983,-0.020782119302812374,-0.0041204978336120135,-0.012433119851645413,-0.021532721993274606,-0.017265121757747526
12.57333333,-0.011640768172795246,-0.01737519081657457,-0.01204921920301727,-0.0074913262816230786,-0.011609286605639979,0.0,-0.011752316781938554,-0.015876241380504474,-0.011303577133569664,-0.007452309339269214,-0.011333421207122885,-0.007872591399810891,-0.007840238243912445,-0.007127488947103355,-0.00739453985838312,-0.010860298098786636,-0.0037827963278851406,-0.007927110800316939,-0.027347369920464715,-0.015489538054849983,-0.011070362410757095,-0.003620095366187126,-0.00782951331882642,-0.011752317230356968,-0.007755249106861206,-0.0039498768629918635,-0.007651569181596374,0.00767208103589323,-0.003999560864764495,-0.007993539189136034,-0.012958596246402942,-0.012308341578250337,-0.012326013336483532,0.003939001790330354,-0.01252380604717973,-0.012451149501486958,-0.012487372565298305,-0.025976140061447772,-0.017317360979209218
12.74805556,-0.031105579838496267,-0.01741749221440314,-0.008061090775186464,-0.018765216107482496,-0.01942767317449068,-0.012117246049073493,-0.01176842692694513,-0.011931991357709504,-0.015121225413987305,-0.014943560073366724,-0.015141226695161825,-0.007883435203945077,-0.015723584893679865,-0.010724629664979224,-0.00741369671879577,-0.010874054051981163,-0.011363424159259838,-0.01589829228627282,-0.031404267641680694,-0.015531572287917461,-0.014789103558018324,-0.010874054466888938,-0.011784582197854387,-0.011784581748821354,-0.019454087617338356,-0.007916147047729583,-0.011500424951068844,0.0038541200431281286,-0.00801593054355354,-0.008004718979435,-0.012978186029658945,-0.024669852518677482,-0.03713846935741194,-0.015854254277132385,0.004168516380917975,-0.054113477680435285,-0.04183824866078778,-0.017343598574305785,-0.02172892142171512
12.92277778,-0.02342456668201487,-0.010475979671278002,-0.016144952561466308,-0.015041744229288834,-0.019454087504786055,-0.012117245702316204,-0.011800780644448339,-0.007971273262857737,-0.01134840317776098,-0.014963094226936646,-0.0075806276144410045,-0.007894309147055467,-0.019695089791503695,-0.010724629358074056,-0.007413696506639145,-0.0072631644345836355,-0.011378485173893171,-0.007949130808612481,-0.0355493422604094,-0.01167242373300037,-0.011113354747889548,-0.01088784541446397,-0.011784581860616816,-0.007861777612311438,-0.023392652747767473,-0.011882447180350697,-0.007672083016280751,-0.007672083016280529,-0.012032331325780632,-0.012032331325780632,-0.00433260529546553,-0.020632282965354243,-0.028968861634909082,-0.031664890168155546,-0.004186811648113409,-0.029265115174907264,-0.03356854035362411,-0.017449354375529635,-0.017422795072244757
13.0975,-0.007829513094770424,-0.014010726890394065,-0.00808386201696265,-0.0075406769614223546,-0.007808150140274139,-0.008106762506520648,-0.011817024022506173,-0.007982390813196294,-0.003792823949548718,-0.007501145188843927,0.0,-0.003949876749958947,-0.007894309147055578,-0.003583826706374027,-0.003714063144344082,-0.007272393370095109,-0.003797857559452167,0.0,-0.019804129218864652,-0.0038961003309170295,-0.007423312206789379,-0.0036338865213477733,-0.00393900303213679,-0.00393900303213679,-0.011736251245590412,-0.0039663003591562385,-0.003843768544343096,0.015364789936443524,-0.00803844700191847,-0.008027172867905996,-0.004339174828376091,-0.012415139867723024,-0.012487373637346089,-0.011948598782915654,-0.016710618293309443,0.008392044873507531,-0.012671689713340317,-0.008711377354374772,-0.013116991266646005
13.27222222,-0.011784581860617038,-0.021067716633491163,-0.012168772061533883,-0.003772822235369566,-0.011736251245590412,-0.01623655561927906,-0.011849645299926381,-0.0119986978760801,-0.003792823949548718,-0.015041744229289056,-0.007600762107178638,-0.003955336152870803,-0.011882447180350808,-0.007172147240515958,-0.007432952882825972,-0.00728164578894086,-0.00761086951550527,-0.011965251930753484,-0.011948598782915654,-0.011720229014767325,-0.007432952882825972,-0.01092942862961388,-0.00788343542923342,-0.00788343542923342,-0.007840238468582728,-0.003971805288554897,-0.007692706920162551,-0.007692706920162551,-0.00402204599030076,-0.012083136534804417,-0.013037312987039362,-0.016613603997592374,-0.020873070301400398,-0.019969971138937948,-0.012597314184302766,0.008392044873507531,-0.02543736972105215,-0.008764739626550666,-0.013137063244156977
13.44694444,-0.027573229174453484,-0.01761042604711416,-0.01623655561828974,-0.011348402203494423,-0.015680505912158527,-0.008129793345407865,-0.011866023457338004,-0.012015490949215502,-0.007600761454649052,-0.018839338624377366,-0.015221765511500007,-0.011882446612993203,-0.011882447520389139,-0.0071811459742333605,-0.0037188898449048713,-0.010943359853795909,-0.007610869733304604,-0.011981951448572503,-0.015942577449857276,-0.01956046714565729,-0.007442618418923463,-0.01458186722421817,-0.007894308920833648,-0.007894308920833648,-0.011784581297937358,-0.015920403159337182,-0.007703060287859165,-0.03468751743856868,-0.008061089852454573,-0.01208313688058582,-0.008698138407576828,-0.020812347746836712,-0.020934147500050626,-0.020025870398213796,-0.033716856936247375,-0.025250325634041282,-0.00423639798840747,-0.026294383066113536,-0.0175833738269493
13.62166667,-0.01974945775826853,-0.014131807332843582,-0.01222073838962312,-0.022741988586270412,-0.015723584444030436,2.220446049250313e-16,-0.011898916203160748,-0.012049218743914736,-0.011408726531399793,-0.011333421208264638,-0.011439129614343013,-0.011898915749148586,-0.007949131036091739,-0.007190167524404711,-0.007452309766070142,-0.010957327163831243,-0.007631165409948681,-0.008004718979435,-0.007993539189775078,-0.01176842692694513,-0.0149240768558222,-0.003652438281838477,-0.007905212676919793,-0.011866023458589559,-0.011800780082232176,-0.01194859775712176,-0.011577973543257847,-0.030979302580422696,-0.008061089852454573,-0.012134372949900718,-0.008724657163253546,-0.02090356410935712,-0.02102643700662976,-0.020110309059354514,-0.012653011562083316,-0.03371685646340716,-0.021371910599358612,1.0063594402254239e-09,-0.022030017470435315
13.79638889,-0.011898916316034791,-0.007074627215099216,-0.01632920408421623,-0.011393586056727356,-0.011817024022506173,-0.008152954947787228,-0.007938105647711136,-0.012066153861068352,-0.0038079649677787986,-0.007570600317532872,-0.003818126318268722,-0.003971805288554897,-0.007949130808612814,-0.00719921197557849,-0.0074523095528086225,-1.1102230246251565e-16,-0.007631165191568812,-0.004005158457874747,-0.012015491064472639,-0.007861777612311438,-0.011200347961284884,-0.01098536954019258,-0.011882447180350808,-0.00791614682119468,-0.00788343542923342,-0.003993978667895526,-0.0038593198715470844,-0.019454087504786166,-0.0040390765364809456,-0.012134372602653154,-0.013096980531187796,-0.03361783449738165,-0.016858282928288837,-0.012083136534804417,-0.01700858053671661,-0.01270920779271223,-0.047019037979531,-0.008818759678671517,-0.013258797082271734
13.97111111,-0.023880683098522537,-0.010644842718150027,-0.016375925952824444,-0.007621003841078999,-0.015810455968250148,-0.024528880900612116,-0.007960186637614997,-0.012100167080984714,-0.007631165191568923,-0.011378485173893282,-0.007651569400852987,-0.007960186637614997,-0.007971273262857848,-0.003601869891523113,-0.007471767302179244,-0.003661785849633614,-0.007651569400852987,-0.004010771856288287,-0.016054377316081392,-0.007872591625409542,-0.011244357300089325,-0.01098536954019258,-0.007927111027479894,-0.007938105647711136,-0.011849645299926381,-0.003993978667895637,-1.1102230246251565e-16,-0.011704250471190947,-0.00808386201696265,-0.00811826147584338,-0.013137063244156977,-0.042270860913719455,-0.016933098228973265,-0.012134372602653265,-0.038298218096213255,-0.012746948697710758,-0.004293602082306558,-0.02645644653568091,-0.017746942155614676
14.14583333,-0.01994213831398295,-0.017763466109872783,-0.016422915483553346,-0.015262357078372646,-0.015832323929368952,-0.024599164853960742,-0.011948598668303778,-0.008072460452843266,-0.011454392438672967,-0.007590681726222348,-0.011485039724684842,-0.007960186865410446,-0.015964812222926228,-0.0036064088016265483,-0.0074717675159976515,-0.007318892308906366,-0.011485039724684842,-0.008027172637871338,-0.00803844723195346,-0.011833311614183328,-0.011244357621867485,-0.00367118075409556,-0.00397180494757321,-0.007938105874874757,-0.015832323475985177,-0.003999560406945157,-0.01548953761188876,-0.011736250685220884,-0.012151547406781038,-0.008118261708162433,-0.013157196619019595,-0.02547511136499714,-0.016958184446059565,-0.004039077578714356,-0.004267988844105508,-0.012765903208587392,-0.008632539513824478,-0.017719469424603895,-0.01777449969507683
14.32055556,-0.016031892077053356,-0.01425499918673545,-0.004108664994816547,-0.015303165716337719,-0.007938105420862596,-0.008223238432508717,-0.00798239058508421,-0.00809529629783401,-0.0038232270287241743,-0.007610869733304382,-0.0038334701048678976,0.0,-0.01199869730444536,-0.007217368691363912,-0.003743212218364267,1.1102230246251565e-16,-0.0038334701048678976,-0.008038446772206442,-0.012100167427253505,-0.011849644735384746,-0.00752085934312785,-0.007347077640924349,-0.007949130581449526,-0.003977325633876316,-0.019859102614559032,-0.008004718979435,-0.01162500585251447,-0.011752316783166239,-0.01216877148180584,0.0,-0.004392456741649564,-0.012803982093678945,-0.012765903210036011,-0.0040562529635548294,-0.017187351941527984,-0.008529619337966254,-0.004300051928056714,-0.008873448986753685,-0.013382807978202349
14.49527778,-0.016054377316081392,-0.010711248628921921,-0.004120497833611569,-0.007661812477876007,-0.011931991926169894,-0.004120497833611569,-0.007993539418205464,-0.008095296066171986,0.0,-0.00761086951550527,-0.0038386125823074435,-0.003988412145300657,-0.008015930314162922,-0.007226481746838265,-0.0037432121112452865,-0.007337658509998679,0.0,-0.00402204599030076,-0.016144952561466308,-0.011882447180350808,-0.007520859127904567,-0.01104188605069667,-0.003977325520057806,0.0,-0.011931991926169894,-0.008015930314162922,-0.003885520286029842,-0.007850993267344286,0.0,0.02428601776385031,0.0,-0.008542350376080865,-0.012784914419345261,-0.032519500525792,-0.030055485212897803,-0.004267987742686774,-0.021695973907605026,-0.013361978756003756,-0.013403702495384806
14.67,-0.016122213071285585,-0.014326364094229604,-0.004114573319946135,-0.0038386125823074435,-0.007960186637614997,-0.012379335459229424,-0.008004719208184463,-0.004056251920830145,-0.007661812477876007,-0.007631165191568812,0.0,-0.007982390813196294,-0.012049218858206756,-0.0036155219604352418,-0.0037481148135122266,-0.007337658509998679,-0.0038386125823074435,-0.008061090544503657,-0.008095296066171986,-0.011898916316034902,-0.0075406769614223546,-0.011056106158233936,-0.00398286111755719,-0.00398286111755719,-0.015987110021380757,-0.008027172867905996,-0.003885520286029842,-0.003928189019038797,0.0,0.00811826147584338,-0.004399209553560102,-0.012861528395871291,-0.004267987742686774,-0.032658674013370526,-0.00863254124010604,0.0,-0.03463504004025264,-0.0178298723271606,-0.008956768660928427
14.84472222,-0.02019546314715681,-0.003579344120205774,-0.008258837625617854,-0.007682381126650539,-0.003988412145300657,-0.012397211811796538,-0.008015930314162922,-0.004056251920830145,-0.007661812477876007,-0.011454392548519321,0.0038386125823074435,-0.003993978667895637,-0.012066153861068352,0.0,-0.0037481148135122266,-0.0036758967816362675,-0.0038386125823074435,-0.004027706859149882,-0.008106762506520648,-0.003971805288554897,-0.0075406769614223546,-0.0036901168891735336,-0.00398286111755719,-0.011948598782915654,-0.032064035738737395,0.0,0.0,0.0,-0.00812979311275841,-0.012117245702316426,-0.008805192334665035,-0.017161582174191503,-0.01284228894695838,-0.016399387293113188,-0.008645581352435316,-0.004274362633394091,-0.004359003510032933,-0.008942773687099503,-0.008970807506256007
15.01944444,-0.0121515478704326,8.209771751310768e-10,-0.02066207677763665,-0.003843768654339663,-0.011981950991392099,-4.737090719686421e-10,-0.012049218282877194,-0.00406200920628752,-0.003838612252760387,-4.3763492829640427e-10,-0.003838612252760387,-0.003999560406945157,-0.004027706974410239,-0.003620095366187015,-0.0037530300531319893,-0.003675896886828789,-0.0038437682143535046,-0.004039075728033081,-0.008118261243194702,-0.01194859775712176,-0.003777802535901875,-0.003694881088316726,-0.003988411802893332,-0.00798239058444683,-0.01607692617742762,-0.004022045185258838,-1.1102230246251565e-16,-0.007872590949543068,-0.008141357323361298,0.008095295834837923,-0.008818759425918143,-0.00860657842419843,-0.012842289314464184,-0.012343736382681936,-0.012997835128262691,-0.012842288333715812,0.004352372971724305,-0.004474880244000001,-0.017998078742298196
15.19416667,-0.008118261243853953,-0.01436231456044923,-0.008282740964149493,-0.015426912470393295,-0.01199869730444536,-0.012451152819523248,-0.012066153286223513,-0.008129792880439801,-0.007682380907099939,-4.3763492829640427e-10,-0.007682380907099939,-0.003999560406945268,-0.008072460452843266,-0.007244776449794377,-0.007510989008037483,-0.007365989479851898,-0.00769270670031752,-0.012117245125040199,-0.008129792880439801,-0.01194859775712176,-0.0075605992967939795,-0.011098986985643378,-0.00798239058508421,-0.003993978325010472,-0.004033383800776558,-0.012066153286223513,-0.007786903669807166,-0.015766900322509048,4.662916719411214e-10,-0.004050511164599535,-0.008832368644932309,-0.012939066009966194,-0.004293602205176272,-0.016493908308532035,-0.013017543818048427,-0.012861527783179394,-0.01750271814574722,-0.01346677936006202,-0.0225508269939787
15.36888889,-0.012203367111685903,-0.01079203762142944,-0.012469236508543258,-0.019296669550358803,-0.008015930314163033,-0.016589526175680325,-0.012100167080984714,-0.008141357556672668,-0.003843768544343318,-0.007651569400852876,-0.003843768544343318,0.0,-0.008072460221834832,-0.003624680979880446,-0.007520859127904678,-0.003680624624458728,-0.003848938375819566,-0.004044785480481594,-0.012220738505532625,-0.003993978667895526,-0.0037827966526404744,-0.007404105685444584,-0.007993539418205353,0.003993978667895637,-0.012117245702316204,-0.004027706859149993,-0.007786903446970528,-0.007894309147055578,-0.004079380948859734,-0.01215154798700202,-0.008846020184704706,-0.01729120216067148,-2.220446049250313e-16,-0.01654157930084521,-0.013057141668696204,-0.008593655860627214,-0.03500576067438477,-0.01796982514543144,-0.01357323612306649
15.54361111,-0.012220738505532625,-0.01805485642657456,-0.020812348106267198,-0.011625006850527808,-0.008027172867905996,0.008306784500452746,-0.012117245702316315,-0.00815295494778745,1.1102230246251565e-16,-0.011500425060183339,1.1102230246251565e-16,-0.004005158457874747,-0.008095296066172097,-0.003629277913235973,-0.003762900280539827,0.0,0.0,0.0,-0.012238159426031459,-0.007993539418205353,-0.0037878036648923974,0.00370444744419407,-0.003999560750309716,-0.003999560750309938,-0.012134372602653043,-0.004033383685353775,-0.003901411989454262,0.0,-0.00815295494778745,-0.012186045033588666,-0.004426428184974407,-0.008658660920565442,0.0,-0.008282741675227356,-0.013077030757923325,2.220446049250313e-16,-0.013197649453409399,-0.009013189343908934,-0.00907032534636687
15.71833333,-0.012255629500092402,-0.01445298694865027,-0.016710617813708195,-0.00775524955102358,-0.008038446771560293,-0.012505561581348745,-4.629960859148241e-10,-0.004079381065599019,0.0,-0.007672083235831906,-0.007703059847281146,-0.00400515857248962,-0.0121515478704326,-0.0036292780170944505,-1.1102230246251565e-16,-0.003685364750065423,-0.0038541218018951495,0.0,-0.004085204595149605,-0.003999560864764606,-4.335800607435658e-10,-0.0037092483199655524,-0.004005158114029572,-0.007993539646955483,-0.00810676227420204,-0.004033383800776558,-0.007808149916524565,-0.003955335813302985,-0.004085204127526998,-0.01220336699461666,0.0,-0.004339174455855632,-0.00859365561433445,-0.012469235438052673,-0.02629438156234798,-0.004306524030608161,-0.00440598290719052,-0.009027405495703356,-0.004538756435851221
15.89305556,-0.020484591421647602,-0.0036246810836073617,-0.016759551090892222,-0.011672424067028397,-0.008049752619416095,-0.004150375912852722,-0.004050511164599535,-0.004085204595149605,-0.0038489384859640152,-0.003843768654339663,-0.007703059847281035,-1.1102230246251565e-16,-0.008118261243853953,-0.003633886625338145,1.1102230246251565e-16,-0.0036901169947730628,-0.0038541218018950385,-0.008106762738510631,-0.0040910447752577905,-0.004005158572489731,-4.335800607435658e-10,-0.011127759120797998,4.584600477031131e-10,-0.008015930543553651,-0.00405625157259859,-0.004039076652066709,-0.00781881680186891,-0.011882447067632085,-0.004085204127526998,-0.01223815930995742,-0.004433285678153043,-0.008684938894539362,-0.00860657842493917,-0.004150376867867234,2.510125218790904e-09,-0.008606577931982384,-0.004412777023846681,-0.009041666824330274,-0.009099166117427115
16.06777778,-0.020543413788485898,-0.010887845414464081,-0.01680877226747124,-0.01167242373300037,-0.008061090544503657,-0.008367506695585725,-0.008095296066171986,-0.008176249136429004,-0.007703060508593151,-0.007692706920162551,0.0,-0.004010771856288287,-0.004062009555013235,-0.007272393370095109,-0.0037678547260527884,-0.007384998294697964,-0.007723851520330394,-0.008106762506520648,-0.012290721474580657,-0.008015930314162922,-0.007580627614441227,-0.007432952882825972,-0.004010771856288287,-0.008015930314162922,-0.004062009555013235,-0.004039076536481168,-0.003912078874493186,-0.007927111027480005,-0.004091044658184995,-0.012255630085288738,-0.008873449748544315,-0.013057141668696204,-0.012939066132647614,-0.025102663166816974,-0.013238351678402038,-0.004313015512770635,-0.008832368897297105,-0.009055973541782558,-0.018227356215711588
16.2425,-0.01649390877917556,-0.014544810223524607,-0.012634392492027802,-0.003901411989454151,-0.004033383685353775,-0.037626790809738075,-0.00811826147584338,-0.008187946218380704,-0.01157797365310409,-0.007703060508593151,-0.0038593198715469734,-0.004010771856288287,-0.004067783557745175,-0.00728164578894086,-0.0037678547260527884,-0.007394539646774834,-0.0038593198715469734,-0.004062009555013235,-0.012308342634928193,-0.008027172867905996,-0.011393586056727356,-0.00744261863218465,-0.008015930314162922,-0.00401640101161771,-0.00812979311275841,-0.004044785480481483,0.0,0.0039663003591562385,-0.008187946218380704,0.004085204478244009,-0.008887228419353743,-0.008711377354374772,-0.017291202160671704,-0.029222422798303116,-0.03516708159486348,-0.00863254124010604,-0.008846020184704706,-0.009070325346367092,-0.018285590976267807
16.41722222,-0.020691957477263045,-0.01092942862961388,-0.012671689713340317,-0.011720229014767325,-0.00808386201696265,-0.021026437365535333,-0.012186045033588555,-0.008199676816395662,-0.0038593198715469734,-0.0038541221327736963,-0.007723851520330394,-0.00401640101161771,-0.004067783557745175,-0.0036431389401935244,-0.003772822235369566,-0.003699658241250403,0.0,-0.00812979311275841,-0.004108665818532531,-0.00401640101161771,-0.007600762107178638,-0.00372372889370276,-0.00401640101161771,-0.00401640101161771,-0.00814135755667289,-0.004044785480481483,-0.003917434220277238,-0.003971805288554897,-0.008199676816395662,0.004091044658184995,-0.008901049947718453,-0.013116991266646005,-0.008658660920565664,-0.012634392492027802,-0.004426428184974851,-0.008645581352435316,-0.008859713736261154,-0.01363792216300408,-0.018344199040394082
16.59194444,-0.01658952617464715,-0.007300221226899439,-0.008454024857204034,-0.007818817249063081,-0.008083862248297269,-0.004211458686472325,0.004062008740658873,-4.696341093790579e-10,4.4236292406907296e-10,-1.1102230246251565e-16,-0.007734288948588519,-0.004016401126554436,-0.004073573649209017,1.1102230246251565e-16,-0.0037728223433358687,-0.0037044471261650225,-0.007734288948588519,-0.008141357323361298,-0.004114572966707586,-0.004022045645005856,-0.007621003186811359,-0.007462025102531689,-0.004016401126554436,0.0,-0.008152954714143235,-0.004050510237951888,-0.003917434332381897,-0.007938105874874757,-0.0041027753736084804,-0.016375925014564974,-0.0044539858530816545,-0.013116991642013076,-0.004339174455855632,-0.01683349167438908,-0.004426428311645303,-0.0043260557488979945,-0.008873449494220642,-0.00909916611742756,-0.009186798685697495
16.76666667,-0.008318858094412462,-0.007309544636322385,-0.004236396529297304,-0.0078402386929457,-0.008106762738510631,0.012634392370798997,0.008129792414811376,-0.004108666405743477,-0.007734288949186707,-0.0038593199819885182,4.42961112234741e-10,0.0,-0.008152954714807814,-0.0036477829450611843,0.0,-0.0037044471261650225,-0.00386975718921434,4.662916719411214e-10,-0.008235070918235055,-0.004022045645005856,-0.011439129614343013,-0.011200347427644752,-0.004022046105399024,0.0,-0.008164585193792373,-0.004050510237951888,-0.003922804360563803,-0.003977325633876316,0.0,-0.028760897295952326,0.0,-0.004385725506565352,-0.01303731286343246,2.220446049250313e-16,-0.004433285678153043,-0.008671780372000892,-0.008887228165423977,2.220446049250313e-16,-0.009216385850082442
16.94138889,-0.012505563605814674,-0.007318892099462571,-0.008479073613697041,-0.011768427487621524,-0.012168772061533883,0.008416727393963708,-0.012203367111686125,-0.004102775256199953,0.0,-0.0038593198715469734,0.0,0.0,-0.008164585427103743,0.0,-0.00377780286022833,0.0,0.0,0.004073573998927715,-0.004120497833611569,0.0,0.0,-0.0037383222181341935,-0.00402204599030076,0.0,-0.008176249136429004,0.004050510585690503,0.019533763565961593,-0.003977325520057806,0.0,-0.004108665818532531,-0.008928822379442147,-0.008778182499803888,-0.008698138158663271,-0.004223890436260813,-0.008873449748544315,-0.004332605295465752,-0.004447064222095731,-0.004560455548464182,-0.013835733241551518
17.11611111,-0.01671061829330922,-0.01099944435963196,-0.012746948697710536,-0.011800780644448117,-0.004062009555013235,-0.01685828292828795,-0.02445899719697442,-0.004114573319945691,1.1102230246251565e-16,-0.0038645316487833092,-0.007744755068196052,-0.00804975284945042,-0.008176249136428781,-0.0036524385954020966,-0.007560599512868582,-0.0037092490624450747,-0.0038749975467609055,-0.008152954947787228,-0.0041264394331217424,-0.008061090544503546,1.1102230246251565e-16,-0.0037432121112452865,-0.004027706859149882,-0.004022045990300538,-0.008187946218380926,-0.004056251920829812,0.015659055493896346,-0.003982861117557079,-0.008223239138478222,-0.0041323981924952236,-0.013403702495385028,-0.008791666672304688,-0.008724656913581041,-0.01269042102334117,-0.013341214144976243,-0.008698138158663049,-0.0044539857256225,-0.013703227705660792,-0.013880473055314146
17.29083333,-0.016759551088083358,-0.011013555186037638,-0.01276590320858717,-0.003933589156726702,-0.004067783208523856,-0.021088417226575285,-0.012255630436005749,-0.012343736853666298,-0.0038697576321753413,-0.007734288948588519,-0.007755249106861206,-0.00804975307980893,-0.0040910447752575685,-0.00730022164498445,-0.0037827967608919932,-0.007423311994081971,-0.007755249106861206,-0.00815295518109882,-0.008258837388934959,-0.012100166964910786,-0.0114696951714931,-0.007491326710098778,-0.008061090313495778,-0.008049752618768058,-0.012308342047212095,-0.008106762738510187,-0.015616328897574694,-0.003982861231533907,-9.412923773766124e-10,-0.020632283082075986,-0.004474880243999335,-0.008805192082300461,-0.008724657163253102,-0.008466530829365437,-0.013361978627750126,-0.01303731336012559,-0.008914914278393749,-0.013725135296042357,-0.013902951509066064
17.46555556,-0.01680877178786977,-0.011041885945910157,-0.012803982093678723,0.019641019224207357,0.004062010136883343,-0.00423013381585613,0.0,-0.00412049747986476,0.0,-0.0077447548468655425,-0.0038802514492101148,0.004027706974410128,-0.008199677051044407,1.1102230246251565e-16,0.0,-0.0037140628254898056,-0.007765771846431124,-0.004085204595149605,-0.00827077214233296,-0.004039076189724322,-0.0076515687439617786,-0.003748114491734622,-0.00403338333908565,-0.004027706513369256,-0.004102774433666578,-0.00406200967125514,-0.023520832884299736,0.0,-0.004120498892819402,0.008258838335668095,-2.220446049250313e-16,-0.013238351552900207,-0.008751338113532903,0.0,5.106306488755763e-10,-0.004359003634773817,-0.008928822124325997,-0.00917207570214762,-0.009291193776352014
17.64027778,-0.01263439249202758,-0.00736598926906018,-0.012823106972415843,-6.661338147750939e-16,-4.440892098500626e-16,-0.004236396408065168,-0.004096901560195931,-0.0041264394331221865,0.007734289170218678,1.1102230246251565e-16,-0.003885520286029842,0.004027706859149882,-0.008199676816395662,-0.0036571062498291784,-0.0037878036648925084,-0.0037188897384818898,2.220446049250313e-16,-0.004085204478243787,-0.004138374186178462,0.0,-0.0038334704339736403,-0.00751098922269644,0.0,-0.004033383685353775,0.008211441074732262,0.008106762506520981,-0.023585451510127364,-0.007982390813196516,-0.016470176405211978,-0.004144367489049117,-0.004481888544985546,-0.00883236889729666,-0.01752952036290134,-0.004242677205631873,-2.220446049250313e-16,-0.008724656913581263,-0.008942773687099503,-0.004589712693595871,-0.009306301701000663
17.815,-0.016908086121405486,-0.011084656535948367,-0.008567926313564289,-0.03149066441295745,-0.012203367111686125,-0.012728050268123736,-0.008199676816395662,-0.008258837625617854,-0.011640769615122615,-0.003880251782331756,-0.003885520286029842,-0.004027706859149882,0.0,-0.007318892099462571,-0.007580627614441227,-0.0037188897384818898,-0.0038908031160534984,0.0,-0.008294745665466507,-0.004044785480481483,-0.0038334704339735293,-0.011273889503236267,-0.00808386201696265,-0.008072460221834943,-0.004108665818532531,0.004062009555013235,0.011784581860617038,-0.007982390813196294,0.0,0.0,-0.004481888544985768,-0.004426428184974851,-0.01317739205336399,-0.004242677205631873,-0.008928822379442147,-0.013116991266646005,-0.008956768660928427,-0.009201568220614575,-0.009321458570943353
17.98972222,-0.025380842046682804,-0.02216931307189679,-0.008574339434457911,-0.031577296664126286,-0.008147147997855094,-0.016983307720117156,-0.008205550512399752,-0.008264796384991323,-0.038750117570682405,-0.015510498658185403,0.0,-0.008055413718299929,0.0,-0.007323571699267065,-0.007585647899097361,0.0,-0.015552646804166797,0.0,-0.016589491330932626,-0.008089570960962982,0.0,-0.00752580056107981,-0.0161677240339252,-0.00807815307296222,-0.01642288214946471,-0.01621352501304121,0.03933603457970089,0.0,0.008252878866244246,0.03308315860169045,0.0,-0.008852856369949523,-0.008798419107120313,0.0,-0.008935787142313592,-0.017502675726194836,-0.008963777089971307,-0.018403136441228908,-0.009329049338607755
